Departamento,Year,Poblacion,Electores,PIM,Devengado,PIM_GN,Devengado_GN,PIM_GR,Devengado_GR,PIM_GL,Devengado_GL,Educacion,Salud,Saneamiento,Ambiente,Transportes,Turismo,Otros,PIM_CC,Devengado_CC,PIM_CC_GN,Devengado_CC_GN,PIM_CC_GR,Devengado_CC_GR,PIM_CC_GL,Devengado_CC_GL,Asignacion_Presupuestal_FONDES,Devengado_FONDES,Marco_Presupuestal_GN_Fondes,Devengado_GN_Fondes,Marco_Presupuestal_GR_Fondes,Devengado_GR_Fondes,Marco_Presupuestal_GL_Fondes,Devengado GL Fondes,PIM_CC_GN_ENTRE_PIM,PIM_CC_GR_ENTRE_PIM,PIM_CC_GL_ENTRE_PIM,AP_GN_Fondes_Entre_PIM,AP_GR_Fondes_Entre_PIM,AP_GL_Fondes_Entre_PIM
AMAZONAS,2015,422629,228936,892852469,735523335,356715282,341393096,202960280,166339112,333176907,227791128,146592704,32497417,109130536,6587036,270845098,45263648,124606896,12014639,8975173,0,0,10954817,8416612,1059822,558561,0,0,0,0,0,0,0,0,0,0.05398,0.00318,0,0,0
ANCASH,2015,1148634,661380,1242315262,679241101,310864153,204035672,198847827,49365547,732603282,425839882,111059285,5520974,152653978,8139598,157394362,1658493,242814411,31174571,15649715,5475838,5432688,5097026,0,20601707,10217027,0,0,0,0,0,0,0,0,0.01761,0.02563,0.02812,0,0,0
APURIMAC,2015,458830,242965,1317800243,766673289,285978405,245439798,281882101,232279264,749939737,288954227,197929936,19065923,93762189,50360576,173842268,923037,230789360,76384514,67042316,0,0,64977212,64445362,11407302,2596954,0,0,0,0,0,0,0,0,0,0.23051,0.01521,0,0,0
AREQUIPA,2015,1287205,850913,1863827690,1171034749,441067814,398115057,427091997,260342001,995667879,512577692,136061975,24701338,139180374,16912010,517921976,17833606,318423470,17053807,4458292,0,0,0,0,17053807,4458292,0,0,0,0,0,0,0,0,0,0,0.01713,0,0,0
AYACUCHO,2015,688657,364963,1848001082,1486547059,622178227,548419298,476648674,405176951,749174181,532950809,322193499,161511649,142743336,13863905,486014028,4102348,356118294,28783844,18953511,0,0,5244084,4495529,23539760,14457982,0,0,0,0,0,0,0,0,0,0.011,0.03142,0,0,0
CAJAMARCA,2015,1529755,807357,2141284200,1549619670,853750140,763000164,251720851,151759335,1035813209,634860171,270738759,50297128,201079512,6102603,581884496,1945723,437571449,47285818,19916052,1697921,1645666,2751081,2247326,42836816,16023059,0,0,0,0,0,0,0,0,0.00199,0.01093,0.04136,0,0,0
CALLAO,2015,1010315,648367,2518437431,2413553099,2249658780,2204877859,169383787,131696292,99394864,76978948,24251943,9219862,3229214,11416547,197507025,0,2167928508,0,0,0,0,0,0,0,0,0,0,0,0,0,0,0,0,0,0,0,0,0,0
CUSCO,2015,1316729,756348,3444032663,2924104532,1099640843,1015690613,533010683,429793963,1811381137,1478619956,376439147,81793313,314215459,111788221,1069228797,15809620,954829975,62364897,54896719,603398,603397,5893238,5838026,55868261,48455296,0,0,0,0,0,0,0,0,0.00055,0.01106,0.03084,0,0,0
HUANCAVELICA,2015,494963,205637,1199841306,992439118,510338198,459546277,224154972,186529656,465348136,346363185,189070012,38007771,122836856,17274297,354061115,704686,270484381,9097906,8662727,0,0,6305682,6204268,2792224,2458460,0,0,0,0,0,0,0,0,0,0.02813,0.006,0,0,0
HUANUCO,2015,860537,427449,1099071597,814417258,267277312,229655633,236146611,218625287,595647674,366136337,283720241,70124523,74985603,18918344,195533185,800989,170334373,22438180,19660047,4102962,4079349,8010589,8007174,10324629,7573524,0,0,0,0,0,0,0,0,0.01535,0.03392,0.01733,0,0,0
ICA,2015,787170,507681,651330003,450383657,91373518,71857467,110254960,93028838,449701525,285497352,62321409,22089144,116843272,12004192,76097456,741522,160286662,15422096,8520175,0,0,0,0,15422096,8520175,0,0,0,0,0,0,0,0,0,0,0.03429,0,0,0
JUNIN,2015,1350783,773922,1274724016,907968905,257864614,206777549,326368694,279574173,690490708,421617183,248404441,97813306,80791807,2231233,302461627,1232791,175033700,17715166,4054177,0,0,407577,357381,17307589,3696796,0,0,0,0,0,0,0,0,0,0.00125,0.02507,0,0,0
LA LIBERTAD,2015,1859640,1100416,1871295615,1409601755,318827934,289174736,632180628,555634833,920287053,564792186,236065579,31758542,141956544,7379318,325882722,1939880,664619170,5205846,3231401,0,0,0,0,5205846,3231401,0,0,0,0,0,0,0,0,0,0,0.00566,0,0,0
LAMBAYEQUE,2015,1260650,732843,984539624,657917504,141239255,102937709,375462889,290365618,467837480,264614177,131128213,3956499,89149529,11849160,111741760,3178449,306913894,11289619,9846163,0,0,0,0,11289619,9846163,0,0,0,0,0,0,0,0,0,0,0.02413,0,0,0
LIMA,2015,9838251,6333911,7652654119,6480901318,5743241013,5232357067,234410954,197557109,1675002152,1050987142,535920401,616985976,107507973,51744539,2123155095,16723407,3028863927,16381226,14508712,3345096,3345096,470971,470927,12565159,10692689,0,0,0,0,0,0,0,0,0.00058,0.00201,0.0075,0,0,0
LORETO,2015,1039372,511703,761776678,606140063,208734700,156784105,187421714,175160181,365620264,274195778,144708239,63226834,37501059,11311529,151016116,512159,197864127,6477355,2941772,0,0,2213019,0,4264336,2941772,0,0,0,0,0,0,0,0,0,0.01181,0.01166,0,0,0
MADRE DE DIOS,2015,137316,93243,448947878,387387002,265034313,245099247,140627124,109215042,43286441,33072712,76546907,1385152,5964871,2937374,236500377,10930,64041391,2665300,2563655,0,0,2640444,2543999,24856,19655,0,0,0,0,0,0,0,0,0,0.01878,0.00057,0,0,0
MOQUEGUA,2015,180477,119686,550134445,359186288,80817079,35045060,156543635,135427255,312773731,188713973,66034622,46570534,65448333,3142726,60769970,1130403,116089700,2339618,1570546,0,0,241462,208426,2098156,1362120,0,0,0,0,0,0,0,0,0,0.00154,0.00671,0,0,0
PASCO,2015,304158,161868,644975703,511779170,183646858,172289933,211884649,172137551,249444196,167351686,41862947,50713095,94654660,5245418,198239477,822044,120241529,19634465,17470066,0,0,9218628,9084565,10415837,8385501,0,0,0,0,0,0,0,0,0,0.04351,0.04176,0,0,0
PIURA,2015,1844129,1128746,1967780575,1628653848,684177301,642567841,315904308,268276271,967698966,717809735,261487235,25928819,256292897,5760692,583451414,249113,495483678,9476639,4241743,47200,47200,163077,88636,9266362,4105907,0,0,0,0,0,0,0,0,0.00007,0.00052,0.00958,0,0,0
PUNO,2015,1415608,750285,1873653581,1295697108,651263232,558376805,233053728,179806090,989336621,557514213,198060767,47892406,221958509,12860607,455900169,3684143,355340507,7960321,4479475,0,0,2276606,2276603,5683715,2202872,0,0,0,0,0,0,0,0,0,0.00977,0.00574,0,0,0
SAN MARTIN,2015,840790,481748,1322987725,1081917090,187889318,155781020,665581804,599241513,469516603,326894557,194632703,212951314,96451081,16016528,392926448,4482738,164456278,14159635,12682696,0,0,3035124,1937841,11124511,10744854,0,0,0,0,0,0,0,0,0,0.00456,0.02369,0,0,0
TACNA,2015,341838,223313,454080628,347016020,51462886,33553840,92580654,70572986,310037088,242889194,25327044,6737085,16497256,8671714,146294086,1244358,142244477,5219052,4963656,0,0,0,0,5219052,4963656,0,0,0,0,0,0,0,0,0,0,0.01683,0,0,0
TUMBES,2015,237685,143767,332738639,229257269,82324840,60295946,82733322,44671609,167680477,124289713,40884781,1695550,50687641,3814841,38782362,302899,93089195,1015028,883104,0,0,329622,293417,685406,589686,0,0,0,0,0,0,0,0,0,0.00398,0.00409,0,0,0
UCAYALI,2015,495522,292487,702498307,574855205,276818687,252825680,194553084,146712852,231126536,175316673,101547642,36724252,15314324,7076045,262905424,48131825,103155693,201392,25034,0,0,0,0,201392,25034,0,0,0,0,0,0,0,0,0,0,0.00087,0,0,0
NACIONAL,2015,31151643,18549934,39061581479,30461815412,16222184702,14625897472,6961409930,5549289329,15877986847,10286628609,4422990431,1759168406,2750836813,423409053,9470356853,173428811,11461625045,441760934,310196927,15272415,15153396,130230259,116916092,296258260,178127436,0,0,0,0,0,0,0,0,0.00094,0.01871,0.01866,0,0,0
AMAZONAS,2016,423898,232278,933424894,678069135,364449514,285503259,240859631,173227726,328115749,219338149,123555322,22529844,85658854,6340086,285234769,46615187,108135073,12701218,10974041,19110,5919,8733077,8093099,3949031,2875024,0,0,0,0,0,0,0,0,0.00005,0.03626,0.01204,0,0,0
ANCASH,2016,1154639,676037,1326827022,706158454,246615505,115397006,206609319,54698683,873602198,536062765,83222946,8612010,192838860,7951044,141907404,1982749,269643441,42978803,27144491,5358697,4930559,6328136,3303304,31291970,18910627,0,0,0,0,0,0,0,0,0.02173,0.03063,0.03582,0,0,0
APURIMAC,2016,460868,245364,1441580350,888306472,237600276,161101642,229114720,156637698,974865354,570567132,257539923,31087592,131792492,30130044,242402995,344685,195008741,70815918,56818386,0,0,38692447,38137233,32123471,18681152,0,0,0,0,0,0,0,0,0,0.16888,0.03295,0,0,0
AREQUIPA,2016,1301298,878878,2009221200,1234891463,377705625,238774950,567981002,373840425,1063534573,622276088,108421138,55413160,167863170,13476994,436579102,14983041,438154858,21265078,8681053,0,0,0,0,21265078,8681053,0,0,0,0,0,0,0,0,0,0,0.01999,0,0,0
AYACUCHO,2016,696152,370683,1579456042,1068288281,377402007,277671956,367847580,270392967,834206455,520223358,180726910,165974865,144317286,17194278,246022503,4615145,309437294,58807292,41002405,0,0,14238996,6163049,44568296,34839356,0,0,0,0,0,0,0,0,0,0.03871,0.05343,0,0,0
CAJAMARCA,2016,1533783,817826,2196422656,1343265086,622856383,405775224,306204250,150003394,1267362023,787486468,219237877,38781525,299975233,6547310,516339230,1212836,261171075,66125734,50231057,398700,398694,2298135,1376131,63428899,48456231,0,0,0,0,0,0,0,0,0.00064,0.00751,0.05005,0,0,0
CALLAO,2016,1024439,668669,1398826506,886319342,958056338,592262687,302837728,219659030,137932440,74397625,9380402,6567163,14837093,14674337,405321167,0,435539180,0,0,0,0,0,0,0,0,0,0,0,0,0,0,0,0,0,0,0,0,0,0
CUSCO,2016,1324371,773014,3155809150,2394079507,799748056,574784843,632474491,421559603,1723586603,1397735061,306458103,69953114,294802167,89605963,856249791,16900104,760110265,58926310,51594636,10277,10277,5750149,5304732,53165884,46279628,0,0,0,0,0,0,0,0,0.00001,0.00909,0.03085,0,0,0
HUANCAVELICA,2016,498556,204276,1205347337,931728780,423940282,385944397,199772391,160966725,581634664,384817657,166456528,40842268,125952146,20385690,367295293,2759383,208037472,15865759,9407765,0,0,3846755,3676466,12019004,5731299,0,0,0,0,0,0,0,0,0,0.01926,0.02066,0,0,0
HUANUCO,2016,866631,431645,1261681966,917810338,325996813,247553968,222468813,199654161,713216340,470602209,254403825,63968152,147718314,19501576,258714072,1008961,172495438,26787462,20933541,0,0,7712515,6995767,19074947,13937774,0,0,0,0,0,0,0,0,0,0.03467,0.02674,0,0,0
ICA,2016,794919,525605,721976254,422460298,176681288,71053837,128624442,99205575,416670524,252200886,30151382,8524037,141740945,11653920,94184290,18600678,117605046,14782294,10120571,0,0,420454,307413,14361840,9813158,0,0,0,0,0,0,0,0,0,0.00327,0.03447,0,0,0
JUNIN,2016,1360506,785493,1600304819,1002166969,392560053,234662737,419021898,280832012,788722868,486672220,228193671,101824687,122183620,9706154,338782703,1545503,199930631,44254784,25495207,0,0,0,0,44254784,25495207,0,0,0,0,0,0,0,0,0,0,0.05611,0,0,0
LA LIBERTAD,2016,1882405,1136638,1836173279,1332065924,145605064,89090545,668665921,540239000,1021902294,702736380,193859591,36171666,211127723,12967126,209066980,696021,668176817,16642305,13975822,0,0,0,0,16642305,13975822,0,0,0,0,0,0,0,0,0,0,0.01629,0,0,0
LAMBAYEQUE,2016,1270794,751693,1165446782,650897582,348110460,100418047,342644343,276153957,474691979,274325578,151792978,1225415,68535978,6077712,120114535,9402372,293748592,22353797,5904945,0,0,0,0,22353797,5904945,0,0,0,0,0,0,0,0,0,0,0.04709,0,0,0
LIMA,2016,9989369,6533063,7533952964,5163239221,5535346088,3963581562,196589101,161456859,1802017775,1038200800,491024976,160054825,71820347,55754209,2567758926,2715789,1814110149,15860634,7939935,3203646,1601710,1244222,431424,11412766,5906801,0,0,0,0,0,0,0,0,0.00058,0.00633,0.00633,0,0,0
LORETO,2016,1049364,523205,953584567,557929359,225815218,108255942,225728762,129479373,502040587,320194044,154218551,76122023,57650417,14943178,129691735,560140,124743315,10866909,9688965,199374,0,11500,11500,10656035,9677465,0,0,0,0,0,0,0,0,0.00088,0.00005,0.02123,0,0,0
MADRE DE DIOS,2016,140508,97938,477882946,386639130,264754140,235431424,142178363,107700606,70950443,43507099,63309781,1500688,7537506,3165490,261112246,0,50013419,8968560,2408122,0,0,939292,934410,8029268,1473712,0,0,0,0,0,0,0,0,0,0.00661,0.11317,0,0,0
MOQUEGUA,2016,182333,122115,660241471,455420729,97215515,43590528,230390413,185283526,332635543,226546675,91535025,73769247,58426880,4488652,85260165,3168328,138772432,8779883,4709541,0,0,23734,22500,8756149,4687041,0,0,0,0,0,0,0,0,0,0.0001,0.02632,0,0,0
PASCO,2016,306322,162935,739772091,530741598,161973204,119847413,291667641,236016805,286131246,174877380,44431546,83625051,111050687,11613974,174508133,1301251,104210956,12391679,10064333,0,0,5410617,5247428,6981062,4816905,0,0,0,0,0,0,0,0,0,0.01855,0.0244,0,0,0
PIURA,2016,1858617,1162618,1990225953,1312875799,649922516,478078209,372211536,209902120,968091901,624895469,207160748,17671555,147170515,13007046,535816170,349455,391700310,21410066,17119654,0,0,0,0,21410066,17119654,0,0,0,0,0,0,0,0,0,0,0.02212,0,0,0
PUNO,2016,1429098,754533,2195036381,1593571357,915196449,775786526,232966362,155123197,1046873570,662661634,198383015,22257878,260039412,14753804,707298523,1888771,388949954,15190224,8622939,0,0,2300000,2241699,12890224,6381240,0,0,0,0,0,0,0,0,0,0.00987,0.01231,0,0,0
SAN MARTIN,2016,851883,493843,1206444334,912579709,140270292,97629471,513464933,431232494,552709109,383717743,139895994,170913335,134486185,17651264,284612156,926121,164094654,13288323,7839682,1500000,1499069,2787655,1724684,9000668,4615929,0,0,0,0,0,0,0,0,0.01069,0.00543,0.01628,0,0,0
TACNA,2016,346013,230366,791826089,596129410,364113544,328096603,139881089,47753164,287831456,220279644,53314120,5371486,16400017,11013569,387784778,1046793,121198647,4315082,4219473,0,0,18000,0,4297082,4219473,0,0,0,0,0,0,0,0,0,0.00013,0.01493,0,0,0
TUMBES,2016,240590,147710,363078034,194551120,88314861,41811938,98414251,63604804,176348922,89134378,30130951,5313248,18353517,6326660,67270326,1911011,65245407,2150409,605603,0,0,295462,293842,1854947,311761,0,0,0,0,0,0,0,0,0,0.003,0.01052,0,0,0
UCAYALI,2016,501269,304186,1094562274,787236440,450671049,374553383,338007093,226134497,305884132,186548560,82929945,132676570,29651713,8162191,419720261,24211000,89884760,1112295,654355,0,0,0,0,1112295,654355,0,0,0,0,0,0,0,0,0,0,0.00364,0,0,0
NACIONAL,2016,31488625,19030611,39839105361,26947421503,14690920540,10346658097,7616626073,5330758401,17531558748,11270005002,3869735248,1400751404,3061931077,427092271,10139048253,158745324,7890117926,586640818,406156522,10689804,8446228,101051146,84264681,474899868,313445612,0,0,0,0,0,0,0,0,0.00073,0.01327,0.02709,0,0,0
AMAZONAS,2017,424952,236607,1129962638,819665659,373027202,336965104,1129962638,819665659,428750697,245528287,141634838,15406619,165854412,9028754,298520443,19770668,169449925,32105204,31115710,3522973,3315517,13847183,13482477,14735048,14317716,0,0,0,0,0,0,0,0,0.00944,0.01225,0.03437,0,0,0
ANCASH,2017,1160490,694742,1689048379,941581977,276341009,183065193,1689048379,941581977,1158732243,652321145,173556599,21238328,223048677,7975070,199968470,1107219,314687614,48745428,35666420,6573835,5886399,3113323,1490299,39058270,28289722,14464207,5551466,51000,0,0,0,14413207,5551466,0.02379,0.00184,0.03371,0.00018,0,0.01244
APURIMAC,2017,462791,248674,1652442878,1002907754,377566386,283702810,1652442878,1002907754,1034646155,556826426,181187747,48506076,231009129,30276383,232766227,868500,278293692,78796515,51894829,0,0,35409746,23803270,43386769,28091559,0,0,0,0,0,0,0,0,0,0.02143,0.04193,0,0,0
AREQUIPA,2017,1315528,911876,2513866208,1609710487,367769253,311931053,2513866208,1609710487,1137137674,630330859,157884639,93200985,121329013,35598705,673734705,14454632,513507808,48985072,32485041,0,0,0,0,48985072,32485041,974285,123449,846437,0,0,0,127848,123449,0,0,0.04308,0.0023,0,0.00011
AYACUCHO,2017,703629,377531,1823820261,1245628557,412140742,363136125,1823820261,1245628557,1015043106,636918302,214811972,105946372,252934491,26068960,301064935,13657707,331144120,69946153,53121826,0,0,12984460,12788951,56961693,40332875,1674863,828262,181700,0,0,0,1493163,828262,0,0.00712,0.05612,0.00044,0,0.00147
CAJAMARCA,2017,1537172,831125,2206453415,1407510067,395666035,314801382,2206453415,1407510067,1411722048,953634839,262081610,46930617,469021379,6020763,404240774,14631721,204583203,70754800,59673118,540238,237000,2350507,1559681,67864055,57876436,1189917,170339,308103,985,0,0,881814,169353,0.00137,0.00107,0.04807,0.00078,0,0.00062
CALLAO,2017,1038706,693346,1150978968,777133823,845283682,635945470,1150978968,777133823,123928896,79528540,14935929,7767965,4718890,12040963,106084474,0,631585602,0,0,0,0,0,0,0,0,815490,0,815490,0,0,0,0,0,0,0,0,0.00096,0,0
CUSCO,2017,1331758,792537,2837634046,2075370405,534035536,481645875,2837634046,2075370405,1822191266,1268253092,280381638,69703041,261808759,91509793,631929165,16792069,723245940,67394254,45783675,0,0,2936628,2415242,64457626,43368433,484006,0,484006,0,0,0,0,0,0,0.00103,0.03537,0.00091,0,0
HUANCAVELICA,2017,502084,203693,1241404124,879605561,272773068,242925189,1241404124,879605561,700061388,476858043,166354094,28457542,207140878,12315443,210093289,4509157,250735158,30926201,22312544,0,0,4476868,4279835,26449333,18032710,51708847,3458522,51000,0,46270980,0,5386867,3458522,0,0.00361,0.03778,0.00019,0.03727,0.00769
HUANUCO,2017,872523,437020,1579488703,1003384043,336236135,272303154,1579488703,1003384043,936234654,569707154,229575054,52417707,230101969,16866726,345955933,40797,128425857,28139324,19515948,0,0,2765227,2743122,25374097,16772826,76300,0,76300,0,0,0,0,0,0,0.00175,0.0271,0.00023,0,0
ICA,2017,802610,545934,650610431,406855137,111961534,60702768,650610431,406855137,416424054,257983692,72523831,4414779,87983753,6977749,95499420,2022147,137433458,14585953,7258338,0,0,0,0,14585953,7258338,3084639,1299653,725654,0,0,0,2358985,1299653,0,0,0.03503,0.00648,0,0.00566
JUNIN,2017,1370274,799765,1701958357,1093955839,306115753,199772560,1701958357,1093955839,879426098,494128495,163583532,166468172,162587979,12982967,420117670,2519660,165695859,96601362,38451657,0,0,0,0,96601362,38451657,3334281,317153,30600,0,0,0,3303681,317153,0,0,0.10985,0.0001,0,0.00376
LA LIBERTAD,2017,1905301,1181594,2006075143,1126875742,250162151,169070792,2006075143,1126875742,1212294818,797525467,227278129,37817723,303629582,5894767,249325395,12855539,290074607,43907281,23279422,0,0,0,0,43907281,23279422,22849694,3542852,8570379,0,5340480,0,8938835,3542852,0,0,0.03622,0.03426,0.00266,0.00737
LAMBAYEQUE,2017,1280788,775360,1377519248,949351697,506654179,431432369,1377519248,949351697,515382213,254881603,146748321,3263497,226273636,5844624,132732059,1692897,432796663,27297714,10372997,0,0,0,0,27297714,10372997,16304904,564111,10876466,0,0,0,5428438,564111,0,0,0.05297,0.02147,0,0.01053
LIMA,2017,10143003,6773588,7022197172,4773952030,4213773448,3371092366,7022197172,4773952030,2494408564,1163151136,556234554,172907454,175638492,69183642,2257097690,10216936,1532673262,32291704,12064427,154874,0,99383,91879,32037447,11972549,55261906,6131256,41219948,395610,0,0,14041958,5735646,0.00004,0.00001,0.01284,0.00978,0,0.00563
LORETO,2017,1058946,537582,1369410301,830431626,466037950,217572499,1369410301,830431626,505903676,311166811,194213152,127177354,101369581,7988984,241475359,346078,157861118,34951192,14648112,2175465,2175458,1091417,137100,31684310,12335554,9885022,7297812,0,0,0,0,9885022,7297812,0.00467,0.0008,0.06263,0,0,0.01954
MADRE DE DIOS,2017,143687,103236,479896955,409163394,274356272,256407770,479896955,409163394,78703229,40862718,97017355,3629088,11835772,15967763,235444525,644398,44624493,9266521,3945957,999218,673936,163878,57360,8103425,3214662,107909,0,107909,0,0,0,0,0,0.00364,0.00034,0.10296,0.00039,0,0
MOQUEGUA,2017,184187,125087,681954135,534002420,113118761,103353057,681954135,534002420,251800371,165914189,100572782,83521272,45575187,1315714,160003083,2901382,140113000,7004438,4697142,0,0,0,0,7004438,4697142,0,0,0,0,0,0,0,0,0,0,0.02782,0,0,0
PASCO,2017,308465,164646,775414573,502811384,145826778,122803110,775414573,502811384,304048070,180803631,30275572,129121237,60679716,9580762,184889267,8457568,79807262,16224137,14271566,0,0,4995469,4781255,11228668,9490311,79006,0,79006,0,0,0,0,0,0,0.00644,0.03693,0.00054,0,0
PIURA,2017,1873024,1202226,2224852690,1300349762,457661561,350753660,2224852690,1300349762,1049703552,696710654,256468971,19509260,241985034,18035157,356198461,1722551,406430328,49103254,15941952,28107505,0,52166,0,20943583,15941952,230853850,9659068,41531162,0,172967627,2798719,16355061,6860349,0.06142,0.00002,0.01995,0.09075,0.07774,0.01558
PUNO,2017,1442930,760700,2364559930,1718109745,898093213,810507748,2364559930,1718109745,1080752252,660075821,215522236,84067566,393533656,23500608,744611778,1300022,255573879,37412395,27599121,0,0,3951536,3794466,33460859,23804655,30704,0,30704,0,0,0,0,0,0,0.00167,0.03096,0.00003,0,0
SAN MARTIN,2017,862822,508093,1563036261,1178700102,396431031,333611982,1563036261,1178700102,761801772,495737304,177908170,109902621,247737497,13853222,428684486,11110896,189503210,80752152,41856821,1900892,1900108,1498469,572693,77352791,39384021,3400,0,3400,0,0,0,0,0,0.0048,0.00096,0.10154,0.00001,0,0
TACNA,2017,350105,238841,879962590,691453140,381745429,342424189,879962590,691453140,293812692,210810418,68538905,67330475,25364691,7464342,415955202,4916978,101882547,295968,251343,0,0,18000,18000,277968,233343,144904,0,144904,0,0,0,0,0,0,0.00002,0.00095,0.00038,0,0
TUMBES,2017,243362,152440,380029886,233373253,129272635,97727293,380029886,233373253,162922969,73421703,58901174,5579559,13264057,5523563,77588788,212273,72303839,2074797,1463176,0,0,0,0,2074797,1463176,1198653,0,0,0,0,0,1198653,0,0,0,0.01273,0,0,0.00736
UCAYALI,2017,506881,318185,955526438,794265852,333616115,325319086,955526438,794265852,309877818,194204050,111524362,136380455,31405166,5562071,392838294,6948136,109607368,358410,358410,0,0,0,0,358410,358410,102000,0,102000,0,0,0,0,0,0,0,0.00116,0.00031,0,0
NACIONAL,2017,31826018,19614428,42258103730,28306149456,13175665858,10618972604,42258103730,28306149456,20085710275,12067284379,4299715166,1640665764,4295831396,457377495,9796819892,153699931,7662039812,927920229,568029552,43975000,14188418,89754260,72015630,794190969,481825507,414628787,38943943,106236168,396595,224579087,2798719,83813532,35748628,0.00334,0.00212,0.03954,0.00806,0.00531,0.00417
AMAZONAS,2018,435422,241316,1264437248,939844052,416643485,362312392,411348826,268893524,436444937,308638136,116326892,22264924,173110313,26625303,402614664,22705634,176196322,13650076,12147879,3814528,2479583,6745087,6697569,3090461,2970727,0,0,0,0,0,0,0,0,0.00916,0.0164,0.00708,0,0,0
ANCASH,2018,1161356,714607,2677569355,1481196038,400266768,203080349,641994793,368202049,1635307794,909913639,229546528,30537527,170039331,31034126,403451818,16776043,599810665,66304596,26124417,4791399,3070797,37339010,11732051,24174187,11321568,205520906,52049573,135656587,30444083,0,0,69864319,21605490,0.01197,0.05816,0.01478,0.33892,0,0.04272
APURIMAC,2018,453208,252314,1739171177,1136226516,407047968,313280952,340405518,209104176,991717691,613841387,177616931,68227551,162628756,38159189,351697782,6611706,331284601,67577017,52541876,0,0,51944179,40019255,15632838,12522622,0,0,0,0,0,0,0,0,0,0.15259,0.01576,0,0,0
AREQUIPA,2018,1346854,946490,2925867679,1772573203,367803120,315083219,995116290,563074620,1562948269,894415365,174117595,123208562,134190204,27082840,841949374,20586110,451438518,51493306,29283838,0,0,0,0,51493306,29283838,49673734,3337030,4374973,971316,41402898,1003122,3895863,1362592,0,0,0.03295,0.01189,0.04161,0.00249
AYACUCHO,2018,698045,384700,1872138544,1294297562,376825516,275329492,437819739,375842794,1057493289,643125275,216127462,162941254,170730629,34566902,354079747,16220468,339631100,61690410,39637990,0,0,14888627,14169891,46801783,25468099,86636677,11535365,271189,104870,0,0,86365488,11430495,0,0.03401,0.04426,0.00072,0,0.08167
CAJAMARCA,2018,1543974,845429,2357966408,1394996213,509100459,417893338,584170115,199382818,1264695834,777720057,326659872,78482011,250498728,7216476,366873875,16317637,348947614,31957778,20476207,303238,234523,3147522,1164025,28507018,19077659,119012080,32991484,1675138,403008,0,0,117336942,32588476,0.0006,0.00539,0.02254,0.00329,0,0.09278
CALLAO,2018,1072583,719360,932647113,581006526,634047422,440256692,177456924,48345873,121142767,92403961,3213708,31522452,1546319,980334,81594050,0,462149663,7315354,0,0,0,7315354,0,0,0,8840000,7329960,8840000,7329960,0,0,0,0,0,0.04122,0,0.01394,0,0
CUSCO,2018,1340567,812933,4095947685,3000582683,906789596,781338872,843396005,447289768,2345762084,1771954043,454551903,132999724,261311674,102199287,1030233638,21992513,997293944,69641256,48448141,0,0,6805835,5740807,62835421,42707333,43487109,29549194,513053,83678,30970757,25923020,12003299,3542497,0,0.00807,0.02679,0.00057,0.03672,0.00512
HUANCAVELICA,2018,477137,203451,1050037341,716682422,159806362,121852554,286570517,149705442,603660462,445124425,97802471,16477065,162220295,14928542,176598886,8603669,240051494,25192447,16628371,1642932,1626252,3831709,2821074,19717806,12181045,68670448,2741970,184216,104479,56359725,1160899,12126507,1476592,0.01028,0.01337,0.03266,0.00115,0.19667,0.02009
HUANUCO,2018,862782,442730,1568341290,1094246663,349239243,306348852,385151686,247001966,833950361,540895845,234157870,86395144,162625358,14439042,393626154,367131,202635964,18887700,13547662,0,0,2588824,1144440,16298876,12403222,159965,47145,159965,47145,0,0,0,0,0,0.00672,0.01954,0.00046,0,0
ICA,2018,829753,567182,1064160596,576196089,453208456,229895930,109836801,52159026,501115339,294141132,72224841,4282119,48596730,8532272,179536228,1031272,261992627,12944951,8364220,0,0,0,0,12944951,8364220,76005782,7626368,26189079,134941,0,0,49816703,7491426,0,0,0.02583,0.05779,0,0.09941
JUNIN,2018,1347364,814863,1827055805,1206109161,401092654,343584982,473204209,271329260,952758942,591194919,157539392,133059361,208730861,36670522,400990102,4535605,264583318,71933299,49373880,0,0,0,0,71933299,49373880,3037777,2731891,51349,14074,0,0,2986428,2717817,0,0,0.0755,0.00013,0,0.00313
LA LIBERTAD,2018,1927650,1229196,2583649310,1121118293,293767480,209926352,744108663,145433145,1545773167,765758796,221263895,63216704,201883271,9068628,283115466,4430116,338140213,67842764,30296043,2156344,92740,0,0,65686420,30203303,384714972,56901371,37461920,7793645,25273643,599939,321979409,48507788,0.00734,0,0.04249,0.12752,0.03396,0.2083
LAMBAYEQUE,2018,1309881,800444,1256900789,768157647,363691218,197043071,377725925,260455018,515483646,310659558,69508815,5445160,179965398,10293959,198206398,2385592,302352325,17529750,7181522,7950174,0,0,0,9579576,7181522,160539958,41545578,68485626,10859452,4765333,0,87288999,30686126,0.02186,0,0.01858,0.18831,0.01262,0.16933
LIMA,2018,10280114,7026636,9624898234,6659777887,5528372858,4003369892,476079828,178668011,3620445548,2477739985,433487021,259821726,308023540,118918554,2773294964,11068975,2755163107,90432892,13343809,3387003,0,1923646,1764834,85122243,11578975,303416633,61652038,234280675,49983085,33795495,334713,35340463,11334240,0.00061,0.00404,0.02351,0.04238,0.07099,0.00976
LORETO,2018,1092198,552950,1310079920,978774956,482725868,363701165,302547542,265236942,524806510,349836849,149738418,66049258,181616180,21040767,394024175,932681,165373477,60497774,54438325,6455875,5034574,2205166,1809290,51836733,47594461,5122640,3368868,0,0,0,0,5122640,3368868,0.01337,0.00729,0.09877,0,0,0.00976
MADRE DE DIOS,2018,152620,108758,535282764,439138077,270603418,254305670,185291911,132953316,79387435,51879091,118490204,3415418,12507063,8753514,246508920,4000,49458958,13231850,2288345,325283,325283,1172439,699664,11734128,1263398,121688,26755,121688,26755,0,0,0,0,0.0012,0.00633,0.14781,0.00045,0,0
MOQUEGUA,2018,186995,128240,635580758,451108535,130732331,122896424,214997591,138021204,289850836,190190907,79062931,20552472,40295949,6220972,153920820,8952471,142102920,2660944,2343046,0,0,0,0,2660944,2343046,0,0,0,0,0,0,0,0,0,0,0.00918,0,0,0
PASCO,2018,305807,166595,861026148,505744875,194573705,168356306,385072740,186452082,281379703,150936486,48898954,33667641,37576991,6620775,257514145,9740791,111725578,12024778,8195780,0,0,7423459,6017418,4601319,2178362,79006,0,79006,0,0,0,0,0,0,0.01928,0.01635,0.00041,0,0
PIURA,2018,1898227,1243513,3303979170,1986535347,758798669,556458782,1253398455,678363713,1291782046,751712852,243177171,82365902,306810100,28275216,754998660,2101863,568806435,82418002,27001765,56540062,16751292,653193,590966,25224747,9659507,1148717338,431589223,150419676,71266653,641022244,229505418,357275418,130817152,0.07451,0.00052,0.01953,0.19823,0.51143,0.27658
PUNO,2018,1403301,767357,2242264030,1769986214,953595891,873941242,411065268,290349866,877602871,605695105,177869478,121870983,240460953,39483019,810851357,1218956,378231468,14923492,12028201,0,0,3562132,3242088,11361360,8786113,240399,0,240399,0,0,0,0,0,0,0.00867,0.01295,0.00025,0,0
SAN MARTIN,2018,891704,523149,1601876656,1109400879,442029376,372133460,420043208,239632277,739804072,497635143,149707983,64545891,239287428,39033358,408617175,22319543,185889501,153570598,47730622,2189620,2181364,1492507,1042687,149888471,44506571,14198409,6042100,12800,10278,0,0,14185609,6031822,0.00495,0.00355,0.20261,0.00003,0,0.01917
TACNA,2018,349518,247798,687266815,461822925,145663591,107683330,259597851,136931143,282005373,217208452,29747968,88352048,77228963,8109572,97279089,5983002,155122283,263498,237584,0,0,0,0,263498,237584,145769,43739,145769,43739,0,0,0,0,0,0,0.00093,0.001,0,0
TUMBES,2018,251451,157447,466293822,313399519,160294441,135133818,107891357,75630008,198108024,102635693,50557178,2235564,16870791,6497304,118263333,3493167,115482182,6143579,1216049,1310618,1212969,0,0,4832961,3080,44081378,11336629,9327161,343253,6713028,4112167,28041189,6881209,0.00818,0,0.0244,0.05819,0.06222,0.14154
UCAYALI,2018,541681,332933,847586149,515026604,125699111,85108817,373123337,217474835,348763701,212442952,98496677,95477826,73927797,7530226,102654666,20086188,116853224,67397,58487,0,0,0,0,67397,58487,123759,28149,123759,28149,0,0,0,0,0,0,0.00019,0.00098,0,0
NACIONAL,2018,32160192,20230391,49332024806,32273948886,15232419006,11560315953,11197415099,6145932876,22902190701,14567700053,4129892158,1797414287,3822683622,652280699,11582495486,228465133,10060717501,1020195508,522934059,90867076,33009377,153038689,98656059,776289743,391268622,2722546427,762474430,678614028,179992563,840303123,262639278,1203629276,319842590,0.00597,0.01367,0.0339,0.04455,0.07504,0.05256
AMAZONAS,2019,427041,245782,1084782775,716437123,320729318,292187003,384791435,195012366,379262022,229237754,107345814,10624314,156456013,17214030,265197319,18266313,141333320,15379804,14420318,5108678,4774792,8082593,7640535,2188533,2004991,4866888,195829,0,0,2065201,0,2801687,195829,0.01593,0.02101,0.00577,0,0.00537,0.00739
ANCASH,2019,1171756,732720,3187175653,1549716342,1035382895,555884555,463856534,222519622,1687936224,771312164,202546185,42131419,196932196,23587173,549616684,5521153,529381532,65471546,17239150,2728781,561273,25976110,2413369,36766655,14264508,664350855,197208058,499338260,118482110,9712552,0,155300043,78725948,0.00264,0.056,0.02178,0.48227,0.02094,0.09201
APURIMAC,2019,466936,255707,1419052806,1075499422,420969609,361317984,323291359,260661153,674791838,453520286,199593882,66876126,157063091,35563516,220898563,2832293,392671951,68122188,58270887,24842618,22962776,31607129,31432449,11672441,3875662,0,0,0,0,0,0,0,0,0.05901,0.09777,0.0173,0,0,0
AREQUIPA,2019,1350676,979286,2772777413,1494997773,655658998,364373922,829018201,466970669,1288100214,663653182,210044584,89717192,76127490,16354181,619583891,2685701,480484734,41223914,13323245,0,0,2607292,1064237,38616622,12259008,336724062,39378909,226551911,4039899,84391210,22451638,25780941,12887372,0,0.00315,0.02998,0.34553,0.1018,0.02001
AYACUCHO,2019,718634,391390,1972688083,1230944435,471560764,276407200,508205947,274784337,992921372,679752898,129798339,99032143,219271773,18404678,382983388,2346598,379107516,73743244,55152362,0,0,6394843,5844040,67348401,49308322,203037748,138073281,6355941,619017,0,0,196681807,137454263,0,0.01258,0.06783,0.01348,0,0.19808
CAJAMARCA,2019,1543104,858915,2404773465,1355024894,723128869,457085454,399781885,156882435,1281862711,741057005,200759209,37581551,282838764,2817036,460797488,1687691,368543155,58392859,28744399,71990,0,830783,301959,57490086,28442440,314282811,156697042,28480858,2489379,0,0,285801953,154207664,0.0001,0.00208,0.04485,0.03939,0,0.22296
CALLAO,2019,1067815,743670,1034602322,649359025,706991923,533451179,192485037,26378795,135125362,89529050,19584415,10857675,5904001,4341133,68636384,0,540035417,8538593,0,0,0,8538593,0,0,0,272968,272847,272968,272847,0,0,0,0,0,0.04436,0,0.00039,0,0
CUSCO,2019,1346373,832238,3447238836,2596086820,689166058,599597315,647948268,400096865,2110124510,1596392641,440143041,105390228,242288422,101180171,762096409,25364050,919624499,69637748,45319475,0,0,8747926,7399468,60889822,37920007,11241433,6177299,328325,278430,2452306,2451512,8460802,3447357,0,0.0135,0.02886,0.00048,0.00378,0.00401
HUANCAVELICA,2019,509117,203101,1132737238,795232806,291341754,262808917,314458071,189917226,526937413,342506663,117791900,82751640,100563608,12506938,182758223,1164254,297696243,17877372,10823315,1807157,1713087,3563042,2703713,12507173,6406515,144235197,65578254,14895018,1455650,69929464,22408687,59410715,41713917,0.0062,0.01133,0.02374,0.05113,0.22238,0.11275
HUANUCO,2019,889134,447924,1377128420,1048121534,438267771,388218970,334951751,274377159,603908898,385525405,159125794,111424295,118966505,14799146,361466050,779446,281560298,5261972,4589609,1850542,1841233,1447129,1437300,1964301,1311076,15501858,1759242,72540,51925,8664001,611234,6765317,1096084,0.00422,0.00432,0.00325,0.00017,0.02587,0.0112
ICA,2019,817965,587884,1081282770,754168187,477322079,393656392,188996117,118666843,414964574,241844952,95264717,5194097,57868761,15900657,237032880,460150,342446925,11556244,8557710,0,0,0,0,11556244,8557710,198062530,103651974,45908410,8182905,69693008,32278033,82461112,63191036,0,0,0.02785,0.09618,0.36875,0.19872
JUNIN,2019,1389850,828895,1444339057,877082855,242832757,199366899,440279291,211460751,761227009,466255205,122103315,66498743,187797872,30776882,287952023,4646622,177307398,67881713,38149124,0,0,0,0,67881713,38149124,10316035,3706829,36786,30181,0,0,10279249,3676648,0,0,0.08917,0.00015,0,0.0135
LA LIBERTAD,2019,1956389,1273336,2570843521,1465389242,543400496,353872463,259106989,134882249,1768336036,976634531,169937998,42919897,283158610,14815488,576259688,3131069,375166492,93691960,62727721,4695489,1253890,0,0,88996471,61473831,992599692,506843982,197055446,57970243,38653721,7799628,756890525,441074110,0.00864,0,0.05033,0.36263,0.14918,0.42802
LAMBAYEQUE,2019,1300720,823541,1107768126,658015290,318019269,172198520,363108578,275807749,426640279,210009020,99597727,18898374,49020955,2315894,153723617,7055139,327403584,14809119,5794793,11735427,3872185,0,0,3073692,1922607,350034601,143443427,126570047,39882387,42324431,10501563,181140123,93059477,0.0369,0,0.0072,0.39799,0.11656,0.42457
LIMA,2019,10458367,7263412,9300995533,6614895725,6524311888,5114431210,589766163,324144238,2186917482,1176320277,406845346,341165810,453058490,149607046,2349386231,6927304,2907905498,35896379,14416929,11501956,3387280,1809513,425872,22584910,10603777,691777505,315365745,370986869,164531451,191946232,91374898,128844404,59459396,0.00176,0.00307,0.01033,0.05686,0.32546,0.05892
LORETO,2019,1077831,567424,1301875866,883368122,320403835,273837053,494565952,329253563,486906079,280277505,172763441,92182955,96596401,33981312,361437924,1099462,125306627,28625014,24615782,7294071,7292327,7051789,3879332,14279154,13444122,8547475,2313229,2421697,1795,0,0,6125778,2311435,0.02277,0.01426,0.02933,0.00756,0,0.01258
MADRE DE DIOS,2019,150181,114120,611768532,475881773,294630703,272423306,205180314,164513552,111957515,38944916,85438828,6552479,20964039,2973184,306761326,0,53191917,13762044,7201409,0,0,2961636,2934284,10800408,4267125,45880,34716,45880,34716,0,0,0,0,0,0.01443,0.09647,0.00016,0,0
MOQUEGUA,2019,187941,131227,659695108,486104294,193004908,156678301,185959665,133403169,280730535,196022823,76450715,11195513,50389785,25863769,149954027,5705637,166544848,420363,216114,0,0,10000,9590,410363,206524,18553422,4561944,0,0,9156989,2632270,9396433,1929674,0,0.00005,0.00146,0,0.04924,0.03347
PASCO,2019,312777,168356,888194789,632707653,262040704,240907991,347629207,233572897,278524878,158226764,42933019,120575361,52561276,7896970,281742720,8334689,118663618,12725795,10871028,0,0,8672565,7137970,4053230,3733058,17705321,2928347,0,0,13096034,527785,4609287,2400562,0,0.02495,0.01455,0,0.03767,0.01655
PIURA,2019,1901896,1282434,4078440779,2105827245,1054138179,694729094,1400634229,446761184,1623668371,964336967,269902319,95886541,311092054,29530264,827616475,1437717,570361875,135169742,91193935,89511756,62148696,1052199,965955,44605787,28079285,2144344879,829554781,393115845,130735279,916630372,188227604,834598662,510591898,0.08491,0.00075,0.02747,0.37293,0.65444,0.51402
PUNO,2019,1471405,773062,2054563666,1623650317,912698331,849663594,399615555,251127197,742249780,522859526,158981118,87604149,223674484,13032566,838293206,10848266,291216528,1719705,1482111,38621,35000,628106,615546,1052978,831565,152710,140563,152710,140563,0,0,0,0,0.00004,0.00157,0.00142,0.00017,0,0
SAN MARTIN,2019,884795,537665,1628962464,1091948748,531960998,393120556,381877967,296939873,715123499,401888320,223531791,70069105,210201152,18451362,285041874,9765273,274888191,211610947,59911263,717223,717221,4612533,4465348,206281191,54728694,31797553,9697923,0,0,4896413,1637074,26901140,8060849,0.00135,0.01208,0.28846,0,0.01282,0.03762
TACNA,2019,358314,256285,651703332,434270635,149345652,105360201,284001191,184310553,218356489,144599881,55987049,97113168,24022928,8538260,95315781,1712650,151580799,3952847,1461,0,0,0,0,3952847,1461,83373,79223,83373,79223,0,0,0,0,0,0,0.0181,0.00056,0,0
TUMBES,2019,248877,162221,614273111,310244979,289974955,178500860,148111094,54997956,176187062,76746163,32395746,4180989,12594442,8638823,160396716,934710,91103553,15068143,1271298,7000938,981544,0,0,8067205,289754,186932327,53844615,99478205,21456930,46979760,15306655,40474362,17081030,0.02414,0,0.04579,0.34306,0.31719,0.22972
UCAYALI,2019,518190,346909,1019324663,837335000,135277210,112400486,549292473,496039154,334754980,228895361,100524464,183002448,154650956,4719095,236231950,17490345,140715742,4456574,2441253,0,0,0,0,4456574,2441253,5799967,168515,52190,42061,0,0,5747777,126454,0,0,0.01331,0.00039,0,0.01717
NACIONAL,2019,32526084,20807504,48846988328,31762310239,18002559923,13602479425,10636913273,6123481555,20207515132,12036349259,3899390756,1899426212,3744064068,613809574,11021180837,140196532,10444242260,1074995829,576734691,168905247,111541304,124593781,80670967,781496801,384522419,6351267090,2581676574,2012203279,550776991,1510591694,398208581,2828472117,1632691003,0.00938,0.01171,0.03867,0.11177,0.14201,0.13997
AMAZONAS,2020,428752,249400,1004026732,761329323,302758163,269528006,310947051,283182585,390321518,208618732,84872077,38136586,120081220,4392358,355953520,23370619,134522943,2610841,2597001,2040006,2029377,542695,542692,28140,24931,1510436,442678,0,0,0,0,1510436,442678,0.00674,0.00175,0.00007,0,0,0.00387
ANCASH,2020,1177538,746192,3273240154,1338237510,922365513,355520855,449683288,201610257,1901191353,781106398,179849368,54425292,179076240,21785106,480002961,2864431,420234112,14352424,3974184,0,0,11518683,3287109,2833741,687075,938417996,272370213,594147970,136307597,40396012,17140010,303874014,118922606,0,0.02562,0.00149,0.64416,0.08983,0.15983
APURIMAC,2020,469831,258259,1096323562,799796791,233064471,198902415,247107743,216285934,616151348,384608442,140482651,73749303,96602688,31810018,171872804,15246,285264081,19091665,18839179,0,0,14547325,14536720,4544340,4302459,0,0,0,0,0,0,0,0,0,0.05887,0.00738,0,0,0
AREQUIPA,2020,1378106,1006836,2541570529,1347604610,343175929,210984318,700300609,412678890,1498093991,723941401,192077442,140160981,92941511,24682769,523325231,4314598,370102078,964058,233580,0,0,0,0,964058,233580,225396568,77195811,133649649,38846029,60681886,28325741,31065033,10024041,0,0,0.00064,0.38945,0.08665,0.02074
AYACUCHO,2020,726455,396790,1800190812,1112889289,180440388,159150598,464045691,296856952,1155704733,656881739,138569510,113715329,193621939,16182503,333800893,3018346,313980769,7860214,6248257,0,0,1548775,1481569,6311439,4766687,138522383,84002120,1768862,622306,1317011,0,135436510,83379814,0,0.00334,0.00546,0.0098,0.00284,0.11719
CAJAMARCA,2020,1546741,869759,2546484901,1305774062,558321933,431395646,425556920,132076603,1562606048,742301813,134474487,41304144,339831262,10316667,461166188,3078591,315602723,2345632,1947474,109003,106502,1433128,1357588,803501,483383,237308219,118714497,21422945,11710448,660240,0,215225034,107004049,0.0002,0.00337,0.00051,0.03837,0.00155,0.13773
CALLAO,2020,1083142,763229,710638704,532278767,451977370,396991309,122415999,65464884,136245335,69822575,15634689,48783921,11100605,13138950,29317719,0,414302883,0,0,0,0,0,0,0,0,0,0,0,0,0,0,0,0,0,0,0,0,0,0
CUSCO,2020,1354360,848458,2996366316,2152264416,725415888,504993505,495721319,362823135,1775229109,1284447776,289560675,136305214,242118266,87671136,549053042,24576602,822979481,24395109,23694324,0,0,6993889,6938827,17401220,16755498,7596081,6897542,4701,0,2577935,2577935,5013445,4319607,0,0.01411,0.0098,0.00001,0.0052,0.00282
HUANCAVELICA,2020,512952,202193,1011207788,631804884,220959660,161430892,256066435,156643658,534181693,313730335,77137669,89893304,87362551,10668773,129572900,261721,236907966,8393036,8093901,3670941,3670180,4184325,4080799,537770,342922,125624551,49333299,21254266,5460315,50392920,16170987,53977365,27701997,0.01661,0.01634,0.00101,0.09619,0.1968,0.10105
HUANUCO,2020,917192,451744,1259558330,906719599,362879545,329302988,294876038,234793476,601802747,342623135,118975455,87970702,104016405,13233830,395995788,1059027,185468392,5206816,5013546,3009704,3005126,2096620,1984039,100492,24380,24293109,10312796,0,0,8000201,6453605,16292908,3859191,0.00829,0.00711,0.00017,0,0.02713,0.02707
ICA,2020,825976,606554,1117825985,543673911,334569831,252419555,335333597,92640130,447922557,198614226,91765132,33336306,66676031,20804500,135509054,392339,195190549,79918,0,0,0,74723,0,5195,0,432860451,109532712,119258563,59800097,262575802,32773669,51026086,16958947,0,0.00022,0.00001,0.35645,0.78303,0.11392
JUNIN,2020,1400043,839976,1239145516,784574688,189812261,143097688,314731447,240018159,734601808,401458841,75624043,67139666,98350017,14394625,295187297,1068868,232810172,704477,641812,0,0,0,0,704477,641812,10311579,6056056,0,0,0,0,10311579,6056056,0,0,0.00096,0,0,0.01404
LA LIBERTAD,2020,1990361,1307923,2815314558,1429960257,745779901,435029611,291642717,166033208,1777891940,828897439,217056271,44417671,157181966,9162834,662397356,3420077,336324082,1025882,806085,0,0,0,0,1025882,806085,1274748066,559845019,347238929,125772743,77616966,36917956,849892171,397154320,0,0,0.00058,0.46561,0.26614,0.47803
LAMBAYEQUE,2020,1311219,841252,1542199490,898180497,611610911,399196379,330847863,262967418,599740716,236016699,127454851,35175007,33095366,16167258,283402547,600914,402284554,0,0,0,0,0,0,0,0,835399375,450805477,463098774,299043012,55148659,27248018,317151942,124514448,0,0,0,0.75718,0.16669,0.52882
LIMA,2020,10624449,7455078,8150183453,6044761056,5677471151,4673331861,340433067,252650925,2132279235,1118778270,667237659,319531079,420243553,139551815,2379809219,4725220,2113662511,572640,296616,24500,23127,0,0,548140,273489,610713543,330625126,339499339,155602667,86297201,52993516,184917003,122028943,0,0,0.00026,0.0598,0.25349,0.08672
LORETO,2020,1088076,579123,1437705110,964245746,329221773,279949305,602666530,370404381,505816807,313892060,150287538,86237366,151458738,41868906,286944189,7030430,240418579,37975798,32076803,7814847,7814843,30152126,24261960,8825,0,23315332,15995377,1725881,0,354750,300626,21234701,15694751,0.02374,0.05003,0.00002,0.00524,0.00059,0.04198
MADRE DE DIOS,2020,153674,118956,492989863,427400740,260199526,254024983,132442593,114992937,100347744,58382820,46396323,18896786,17776898,4865742,281219530,102632,58142829,32967,19000,0,0,0,0,32967,19000,4701,1419,4701,1419,0,0,0,0,0,0,0.00033,0.00002,0,0
MOQUEGUA,2020,189910,133685,619217422,464596705,163317742,155501884,166746041,149548223,289153639,159546598,96436128,15239567,19254297,11646988,120300779,7728852,193990094,46264,39732,0,0,0,0,46264,39732,28216302,12394196,0,0,6385841,5470439,21830461,6923757,0,0,0.00016,0,0.0383,0.0755
PASCO,2020,315073,169519,595735044,411388022,131326052,106634938,204250403,154556994,260158589,150196090,29787594,55745300,32302206,4665659,196429624,1899620,90558019,95948,82173,0,0,0,0,95948,82173,14776974,12810812,0,0,12568248,11094385,2208726,1716427,0,0,0.00037,0,0.06153,0.00849
PIURA,2020,1917139,1314938,4419052034,2319275827,1362112447,722633885,1246658130,648048327,1810281457,948593615,372579373,191674274,277659235,41617409,919214270,2765725,513765541,4831924,3776190,0,0,2934046,2934045,1897878,842146,2725993351,1235665552,895002461,297982454,870007214,439069751,960983676,498613346,0,0.00235,0.00105,0.65707,0.69787,0.53085
PUNO,2020,1486225,776398,1816605458,1430993232,709338703,644476680,314140003,285072069,793126752,501444482,127002816,154428853,170427987,8181516,599961271,2498945,368491844,156000,155605,0,0,0,0,156000,155605,984473,464386,251320,174800,0,0,733153,289586,0,0,0.0002,0.00035,0,0.00092
SAN MARTIN,2020,896452,550312,1232899512,849214745,218805742,200840687,287958905,257457618,726134865,390916440,124983200,57602379,184373716,17058889,208816216,7113504,249266841,3209748,3203556,0,0,3117636,3111445,92112,92111,41369327,27066676,0,0,7508892,5728524,33860435,21338152,0,0.01083,0.00013,0,0.02608,0.04663
TACNA,2020,362641,263372,644157454,485495496,83979264,57719697,263983483,236159226,296194707,191616573,51744687,79507278,28079542,8648260,77363759,6515951,233636019,0,0,0,0,0,0,0,0,20527357,216160,0,0,0,0,20527357,216160,0,0,0,0,0,0.0693
TUMBES,2020,251878,166252,717321712,335123178,323755113,173168280,169340373,63463114,224226226,98491784,24360064,21777544,19280417,8951937,90427045,645473,169680698,341405,289795,0,0,311405,289795,30000,0,304269428,97754599,193663745,65665038,58773115,3151416,51832568,28938145,0,0.00184,0.00013,0.59818,0.34707,0.23116
UCAYALI,2020,524376,358578,709691889,534238294,100360692,84006182,353175759,293055611,256155438,157176501,37940156,86379184,88895865,5281413,179326521,16904887,119510268,1732366,1210382,0,0,0,0,1732366,1210382,5621322,4536930,0,0,0,0,5621322,4536930,0,0,0.00676,0,0,0.02194
NACIONAL,2020,32932561,21274776,45789652328,28811821645,15543019969,11600232147,9121072004,5949484714,21125560355,11262104784,3612289858,2091533036,3231808521,586749861,10146369723,125972618,9017098028,136025132,113239195,16669001,16649155,79455376,64806588,39900755,31783450,0,0,3131992106,1196988925,1601262893,685416578,3294525925,1600633951,0.00107,0.00871,0.00189,0.2015,0.17556,0.15595
