ANO_EJE,DEPARTAMENTO_META_NOMBRE,TIPO_GOBIERNO_NOMBRE,MARCO_PRESUPUESTAL,DEVENGADO_FONDES,MONTO_PIM,MONTO_DEVENGADO,Electores,Poblacion,PIMCC,DevengadoCC
2015,AMAZONAS,GOBIERNO NACIONAL,0,0,1015719752,990852136,228936,422629,0,0
2015,AMAZONAS,GOBIERNOS LOCALES,0,0,469211040,346030780,228936,422629,1059822,558561
2015,AMAZONAS,GOBIERNOS REGIONALES,0,0,672672311,623096442,228936,422629,10954817,8416612
2015,AMAZONAS,TRES NIVELES DE GOBIERNO,0,0,2157603103,1959979358,228936,422629,12014639,8975173
2015,ANCASH,GOBIERNO NACIONAL,0,0,1484046533,1281691779,661380,1148634,5475838,5432688
2015,ANCASH,GOBIERNOS LOCALES,0,0,1287641050,867729555,661380,1148634,20601707,10217027
2015,ANCASH,GOBIERNOS REGIONALES,0,0,1282511972,1042358400,661380,1148634,5097026,0
2015,ANCASH,TRES NIVELES DE GOBIERNO,0,0,4054199555,3191779734,661380,1148634,31174571,15649715
2015,APURIMAC,GOBIERNO NACIONAL,0,0,847301232,792853422,242965,458830,0,0
2015,APURIMAC,GOBIERNOS LOCALES,0,0,907064302,425109743,242965,458830,11407302,2596954
2015,APURIMAC,GOBIERNOS REGIONALES,0,0,902172208,814175218,242965,458830,64977212,64445362
2015,APURIMAC,TRES NIVELES DE GOBIERNO,0,0,2656537742,2032138383,242965,458830,76384514,67042316
2015,AREQUIPA,GOBIERNO NACIONAL,0,0,1964965311,1829896219,850913,1287205,0,0
2015,AREQUIPA,GOBIERNOS LOCALES,0,0,1624572018,978809171,850913,1287205,17053807,4458292
2015,AREQUIPA,GOBIERNOS REGIONALES,0,0,1573556845,1336828205,850913,1287205,0,0
2015,AREQUIPA,TRES NIVELES DE GOBIERNO,0,0,5163094174,4145533595,850913,1287205,17053807,4458292
2015,AYACUCHO,GOBIERNO NACIONAL,0,0,1687815885,1543537763,364963,688657,0,0
2015,AYACUCHO,GOBIERNOS LOCALES,0,0,995713710,736823068,364963,688657,23539760,14457982
2015,AYACUCHO,GOBIERNOS REGIONALES,0,0,1351321722,1251735126,364963,688657,5244084,4495529
2015,AYACUCHO,TRES NIVELES DE GOBIERNO,0,0,4034851317,3532095957,364963,688657,28783844,18953511
2015,CAJAMARCA,GOBIERNO NACIONAL,0,0,2012422456,1876793466,807357,1529755,1697921,1645666
2015,CAJAMARCA,GOBIERNOS LOCALES,0,0,1677182312,1153459656,807357,1529755,42836816,16023059
2015,CAJAMARCA,GOBIERNOS REGIONALES,0,0,1535706152,1408966966,807357,1529755,2751081,2247326
2015,CAJAMARCA,TRES NIVELES DE GOBIERNO,0,0,5225310920,4439220088,807357,1529755,47285818,19916052
2015,CALLAO,GOBIERNO NACIONAL,0,0,0,0,648367,1010315,0,0
2015,CALLAO,GOBIERNOS LOCALES,0,0,0,0,648367,1010315,0,0
2015,CALLAO,GOBIERNOS REGIONALES,0,0,0,0,648367,1010315,0,0
2015,CALLAO,TRES NIVELES DE GOBIERNO,0,0,0,0,648367,1010315,0,0
2015,CUSCO,GOBIERNO NACIONAL,0,0,2946490925,2750078066,756348,1316729,603398,603397
2015,CUSCO,GOBIERNOS LOCALES,0,0,2667743925,2217524438,756348,1316729,55868261,48455296
2015,CUSCO,GOBIERNOS REGIONALES,0,0,1825817148,1630357953,756348,1316729,5893238,5838026
2015,CUSCO,TRES NIVELES DE GOBIERNO,0,0,7440051998,6597960457,756348,1316729,62364897,54896719
2015,HUANCAVELICA,GOBIERNO NACIONAL,0,0,1079397334,998498269,205637,494963,0,0
2015,HUANCAVELICA,GOBIERNOS LOCALES,0,0,676627427,513514253,205637,494963,2792224,2458460
2015,HUANCAVELICA,GOBIERNOS REGIONALES,0,0,854496064,788780369,205637,494963,6305682,6204268
2015,HUANCAVELICA,TRES NIVELES DE GOBIERNO,0,0,2610520825,2300792891,205637,494963,9097906,8662727
2015,HUANUCO,GOBIERNO NACIONAL,0,0,1201674713,1106559839,427449,860537,4102962,4079349
2015,HUANUCO,GOBIERNOS LOCALES,0,0,864480705,590817136,427449,860537,10324629,7573524
2015,HUANUCO,GOBIERNOS REGIONALES,0,0,957414264,891477133,427449,860537,8010589,8007174
2015,HUANUCO,TRES NIVELES DE GOBIERNO,0,0,3023569682,2588854108,427449,860537,22438180,19660047
2015,ICA,GOBIERNO NACIONAL,0,0,971950781,885696310,507681,787170,0,0
2015,ICA,GOBIERNOS LOCALES,0,0,754764758,524686359,507681,787170,15422096,8520175
2015,ICA,GOBIERNOS REGIONALES,0,0,881197057,840210431,507681,787170,0,0
2015,ICA,TRES NIVELES DE GOBIERNO,0,0,2607912596,2250593100,507681,787170,15422096,8520175
2015,JUNIN,GOBIERNO NACIONAL,0,0,1596214152,1461628943,773922,1350783,0,0
2015,JUNIN,GOBIERNOS LOCALES,0,0,1115479115,769348898,773922,1350783,17307589,3696796
2015,JUNIN,GOBIERNOS REGIONALES,0,0,1461481308,1366403848,773922,1350783,407577,357381
2015,JUNIN,TRES NIVELES DE GOBIERNO,0,0,4173174575,3597381689,773922,1350783,17715166,4054177
2015,LA LIBERTAD,GOBIERNO NACIONAL,0,0,1698931337,1593623912,1100416,1859640,0,0
2015,LA LIBERTAD,GOBIERNOS LOCALES,0,0,1537180156,1058095949,1100416,1859640,5205846,3231401
2015,LA LIBERTAD,GOBIERNOS REGIONALES,0,0,1952274598,1778543494,1100416,1859640,0,0
2015,LA LIBERTAD,TRES NIVELES DE GOBIERNO,0,0,5188386091,4430263355,1100416,1859640,5205846,3231401
2015,LAMBAYEQUE,GOBIERNO NACIONAL,0,0,1273246039,1195046546,732843,1260650,0,0
2015,LAMBAYEQUE,GOBIERNOS LOCALES,0,0,765338119,509555229,732843,1260650,11289619,9846163
2015,LAMBAYEQUE,GOBIERNOS REGIONALES,0,0,1197579922,1070648849,732843,1260650,0,0
2015,LAMBAYEQUE,TRES NIVELES DE GOBIERNO,0,0,3236164080,2775250624,732843,1260650,11289619,9846163
2015,LIMA,GOBIERNO NACIONAL,0,0,62238561738,57208263668,6333911,9838251,3345096,3345096
2015,LIMA,GOBIERNOS LOCALES,0,0,5978756055,4771514892,6333911,9838251,12565159,10692689
2015,LIMA,GOBIERNOS REGIONALES,0,0,1128410381,1056661240,6333911,9838251,470971,470927
2015,LIMA,TRES NIVELES DE GOBIERNO,0,0,69345728174,63036439800,6333911,9838251,16381226,14508712
2015,LORETO,GOBIERNO NACIONAL,0,0,1109452403,1031165627,511703,1039372,0,0
2015,LORETO,GOBIERNOS LOCALES,0,0,746664291,607390620,511703,1039372,4264336,2941772
2015,LORETO,GOBIERNOS REGIONALES,0,0,1308791612,1228716033,511703,1039372,2213019,0
2015,LORETO,TRES NIVELES DE GOBIERNO,0,0,3164908306,2867272280,511703,1039372,6477355,2941772
2015,MADRE DE DIOS,GOBIERNO NACIONAL,0,0,478250675,448174583,93243,137316,0,0
2015,MADRE DE DIOS,GOBIERNOS LOCALES,0,0,93080532,73662394,93243,137316,24856,19655
2015,MADRE DE DIOS,GOBIERNOS REGIONALES,0,0,336869673,289400293,93243,137316,2640444,2543999
2015,MADRE DE DIOS,TRES NIVELES DE GOBIERNO,0,0,908200880,811237270,93243,137316,2665300,2563655
2015,MOQUEGUA,GOBIERNO NACIONAL,0,0,290243611,229799993,119686,180477,0,0
2015,MOQUEGUA,GOBIERNOS LOCALES,0,0,546084310,348738578,119686,180477,2098156,1362120
2015,MOQUEGUA,GOBIERNOS REGIONALES,0,0,418915855,369997897,119686,180477,241462,208426
2015,MOQUEGUA,TRES NIVELES DE GOBIERNO,0,0,1255243776,948536468,119686,180477,2339618,1570546
2015,NACIONAL,GOBIERNO NACIONAL,0,0,96739034132,89322017215,18549934,31151643,15272415,15153396
2015,NACIONAL,GOBIERNOS LOCALES,0,0,28925145614,21119831404,18549934,31151643,296258260,178127436
2015,NACIONAL,GOBIERNOS REGIONALES,0,0,27224769831,24722117963,18549934,31151643,130230259,116916092
2015,NACIONAL,TRES NIVELES DE GOBIERNO,0,0,1.52889E+11,1.35164E+11,18549934,31151643,441760934,310196927
2015,PASCO,GOBIERNO NACIONAL,0,0,566830276,509754665,161868,304158,0,0
2015,PASCO,GOBIERNOS LOCALES,0,0,428111718,305626440,161868,304158,10415837,8385501
2015,PASCO,GOBIERNOS REGIONALES,0,0,536459290,479275878,161868,304158,9218628,9084565
2015,PASCO,TRES NIVELES DE GOBIERNO,0,0,1531401284,1294656983,161868,304158,19634465,17470066
2015,PIURA,GOBIERNO NACIONAL,0,0,2217183194,2083204901,1128746,1844129,47200,47200
2015,PIURA,GOBIERNOS LOCALES,0,0,1687922439,1318928789,1128746,1844129,9266362,4105907
2015,PIURA,GOBIERNOS REGIONALES,0,0,1629964126,1479501895,1128746,1844129,163077,88636
2015,PIURA,TRES NIVELES DE GOBIERNO,0,0,5535069759,4881635585,1128746,1844129,9476639,4241743
2015,PROVINCIA CONSTITUCIONAL DEL CALLAO,GOBIERNO NACIONAL,0,0,4659445847,4458842660,0,0,0,0
2015,PROVINCIA CONSTITUCIONAL DEL CALLAO,GOBIERNOS LOCALES,0,0,655160823,556768925,0,0,0,0
2015,PROVINCIA CONSTITUCIONAL DEL CALLAO,GOBIERNOS REGIONALES,0,0,1008013369,940226484,0,0,0,0
2015,PROVINCIA CONSTITUCIONAL DEL CALLAO,TRES NIVELES DE GOBIERNO,0,0,6322620039,5955838069,0,0,0,0
2015,PUNO,GOBIERNO NACIONAL,0,0,1993123971,1846824746,750285,1415608,0,0
2015,PUNO,GOBIERNOS LOCALES,0,0,1429518959,908749288,750285,1415608,5683715,2202872
2015,PUNO,GOBIERNOS REGIONALES,0,0,1421452884,1306185926,750285,1415608,2276606,2276603
2015,PUNO,TRES NIVELES DE GOBIERNO,0,0,4844095814,4061759960,750285,1415608,7960321,4479475
2015,SAN MARTIN,GOBIERNO NACIONAL,0,0,990506679,930218892,481748,840790,0,0
2015,SAN MARTIN,GOBIERNOS LOCALES,0,0,721509840,539602668,481748,840790,11124511,10744854
2015,SAN MARTIN,GOBIERNOS REGIONALES,0,0,1455664420,1363106220,481748,840790,3035124,1937841
2015,SAN MARTIN,TRES NIVELES DE GOBIERNO,0,0,3167680939,2832927780,481748,840790,14159635,12682696
2015,TACNA,GOBIERNO NACIONAL,0,0,459679215,402389653,223313,341838,0,0
2015,TACNA,GOBIERNOS LOCALES,0,0,581142717,434831763,223313,341838,5219052,4963656
2015,TACNA,GOBIERNOS REGIONALES,0,0,455321374,406905626,223313,341838,0,0
2015,TACNA,TRES NIVELES DE GOBIERNO,0,0,1496143306,1244127042,223313,341838,5219052,4963656
2015,TUMBES,GOBIERNO NACIONAL,0,0,454307913,423714929,143767,237685,0,0
2015,TUMBES,GOBIERNOS LOCALES,0,0,288644063,219757374,143767,237685,685406,589686
2015,TUMBES,GOBIERNOS REGIONALES,0,0,411143976,352751294,143767,237685,329622,293417
2015,TUMBES,TRES NIVELES DE GOBIERNO,0,0,1154095952,996223597,143767,237685,1015028,883104
2015,UCAYALI,GOBIERNO NACIONAL,0,0,754733829,706307324,292487,495522,0,0
2015,UCAYALI,GOBIERNOS LOCALES,0,0,425551230,342755462,292487,495522,201392,25034
2015,UCAYALI,GOBIERNOS REGIONALES,0,0,663873162,604644556,292487,495522,0,0
2015,UCAYALI,TRES NIVELES DE GOBIERNO,0,0,1844158221,1653707342,292487,495522,201392,25034
2016,AMAZONAS,GOBIERNO NACIONAL,0,0,813547564,718309798,232278,423898,19110,5919
2016,AMAZONAS,GOBIERNOS LOCALES,0,0,471346726,343525345,232278,423898,3949031,2875024
2016,AMAZONAS,GOBIERNOS REGIONALES,0,0,784265571,708272425,232278,423898,8733077,8093099
2016,AMAZONAS,TRES NIVELES DE GOBIERNO,0,0,2069159861,1770107568,232278,423898,12701218,10974041
2016,ANCASH,GOBIERNO NACIONAL,0,0,1338144030,1120180499,676037,1154639,5358697,4930559
2016,ANCASH,GOBIERNOS LOCALES,0,0,1411724004,974468485,676037,1154639,31291970,18910627
2016,ANCASH,GOBIERNOS REGIONALES,0,0,1377796011,1156393430,676037,1154639,6328136,3303304
2016,ANCASH,TRES NIVELES DE GOBIERNO,0,0,4127664045,3251042414,676037,1154639,42978803,27144491
2016,APURIMAC,GOBIERNO NACIONAL,0,0,882702934,792611561,245364,460868,0,0
2016,APURIMAC,GOBIERNOS LOCALES,0,0,1156933223,715016192,245364,460868,32123471,18681152
2016,APURIMAC,GOBIERNOS REGIONALES,0,0,893298300,792423479,245364,460868,38692447,38137233
2016,APURIMAC,TRES NIVELES DE GOBIERNO,0,0,2932934457,2300051232,245364,460868,70815918,56818386
2016,AREQUIPA,GOBIERNO NACIONAL,0,0,1841277415,1626373924,878878,1301298,0,0
2016,AREQUIPA,GOBIERNOS LOCALES,0,0,1744277589,1163969884,878878,1301298,21265078,8681053
2016,AREQUIPA,GOBIERNOS REGIONALES,0,0,1792228027,1553485098,878878,1301298,0,0
2016,AREQUIPA,TRES NIVELES DE GOBIERNO,0,0,5377783031,4343828906,878878,1301298,21265078,8681053
2016,AYACUCHO,GOBIERNO NACIONAL,0,0,1192528750,1061909558,370683,696152,0,0
2016,AYACUCHO,GOBIERNOS LOCALES,0,0,1094668973,745460930,370683,696152,44568296,34839356
2016,AYACUCHO,GOBIERNOS REGIONALES,0,0,1291464081,1150751774,370683,696152,14238996,6163049
2016,AYACUCHO,TRES NIVELES DE GOBIERNO,0,0,3578661804,2958122262,370683,696152,58807292,41002405
2016,CAJAMARCA,GOBIERNO NACIONAL,0,0,1679165153,1411837667,817826,1533783,398700,398694
2016,CAJAMARCA,GOBIERNOS LOCALES,0,0,1958655669,1355169009,817826,1533783,63428899,48456231
2016,CAJAMARCA,GOBIERNOS REGIONALES,0,0,1717339475,1535840675,817826,1533783,2298135,1376131
2016,CAJAMARCA,TRES NIVELES DE GOBIERNO,0,0,5355160297,4302847351,817826,1533783,66125734,50231057
2016,CALLAO,GOBIERNO NACIONAL,0,0,0,0,668669,1024439,0,0
2016,CALLAO,GOBIERNOS LOCALES,0,0,0,0,668669,1024439,0,0
2016,CALLAO,GOBIERNOS REGIONALES,0,0,0,0,668669,1024439,0,0
2016,CALLAO,TRES NIVELES DE GOBIERNO,0,0,0,0,668669,1024439,0,0
2016,CUSCO,GOBIERNO NACIONAL,0,0,2560718048,2239237132,773014,1324371,10277,10277
2016,CUSCO,GOBIERNOS LOCALES,0,0,2561963823,2140460228,773014,1324371,53165884,46279628
2016,CUSCO,GOBIERNOS REGIONALES,0,0,1961556714,1676408487,773014,1324371,5750149,5304732
2016,CUSCO,TRES NIVELES DE GOBIERNO,0,0,7084238585,6056105847,773014,1324371,58926310,51594636
2016,HUANCAVELICA,GOBIERNO NACIONAL,0,0,938623998,884042774,204276,498556,0,0
2016,HUANCAVELICA,GOBIERNOS LOCALES,0,0,787799483,560985717,204276,498556,12019004,5731299
2016,HUANCAVELICA,GOBIERNOS REGIONALES,0,0,866449173,813611444,204276,498556,3846755,3676466
2016,HUANCAVELICA,TRES NIVELES DE GOBIERNO,0,0,2592872654,2258639935,204276,498556,15865759,9407765
2016,HUANUCO,GOBIERNO NACIONAL,0,0,1143485041,1033944898,431645,866631,0,0
2016,HUANUCO,GOBIERNOS LOCALES,0,0,1014900395,721780501,431645,866631,19074947,13937774
2016,HUANUCO,GOBIERNOS REGIONALES,0,0,1003502133,953736520,431645,866631,7712515,6995767
2016,HUANUCO,TRES NIVELES DE GOBIERNO,0,0,3161887569,2709461919,431645,866631,26787462,20933541
2016,ICA,GOBIERNO NACIONAL,0,0,959943478,817395746,525605,794919,0,0
2016,ICA,GOBIERNOS LOCALES,0,0,739130434,511951814,525605,794919,14361840,9813158
2016,ICA,GOBIERNOS REGIONALES,0,0,880812570,830622258,525605,794919,420454,307413
2016,ICA,TRES NIVELES DE GOBIERNO,0,0,2579886482,2159969818,525605,794919,14782294,10120571
2016,JUNIN,GOBIERNO NACIONAL,0,0,1713049942,1484018375,785493,1360506,0,0
2016,JUNIN,GOBIERNOS LOCALES,0,0,1242220723,872773823,785493,1360506,44254784,25495207
2016,JUNIN,GOBIERNOS REGIONALES,0,0,1648185886,1478107346,785493,1360506,0,0
2016,JUNIN,TRES NIVELES DE GOBIERNO,0,0,4603456551,3834899544,785493,1360506,44254784,25495207
2016,LA LIBERTAD,GOBIERNO NACIONAL,0,0,1605118851,1480307548,1136638,1882405,0,0
2016,LA LIBERTAD,GOBIERNOS LOCALES,0,0,1692880623,1266911599,1136638,1882405,16642305,13975822
2016,LA LIBERTAD,GOBIERNOS REGIONALES,0,0,2091036556,1910469288,1136638,1882405,0,0
2016,LA LIBERTAD,TRES NIVELES DE GOBIERNO,0,0,5389036030,4657688435,1136638,1882405,16642305,13975822
2016,LAMBAYEQUE,GOBIERNO NACIONAL,0,0,1443666720,1146173512,751693,1270794,0,0
2016,LAMBAYEQUE,GOBIERNOS LOCALES,0,0,807563547,544692022,751693,1270794,22353797,5904945
2016,LAMBAYEQUE,GOBIERNOS REGIONALES,0,0,1215860059,1115998737,751693,1270794,0,0
2016,LAMBAYEQUE,TRES NIVELES DE GOBIERNO,0,0,3467090326,2806864271,751693,1270794,22353797,5904945
2016,LIMA,GOBIERNO NACIONAL,0,0,65542263142,59243712287,6533063,9989369,3203646,1601710
2016,LIMA,GOBIERNOS LOCALES,0,0,6482670060,5071843046,6533063,9989369,11412766,5906801
2016,LIMA,GOBIERNOS REGIONALES,0,0,1130270790,1079576536,6533063,9989369,1244222,431424
2016,LIMA,TRES NIVELES DE GOBIERNO,0,0,73155203992,65395131869,6533063,9989369,15860634,7939935
2016,LORETO,GOBIERNO NACIONAL,0,0,1118581531,970174747,523205,1049364,199374,0
2016,LORETO,GOBIERNOS LOCALES,0,0,897672301,666286431,523205,1049364,10656035,9677465
2016,LORETO,GOBIERNOS REGIONALES,0,0,1488454152,1327490116,523205,1049364,11500,11500
2016,LORETO,TRES NIVELES DE GOBIERNO,0,0,3504707984,2963951294,523205,1049364,10866909,9688965
2016,MADRE DE DIOS,GOBIERNO NACIONAL,0,0,470990895,425232991,97938,140508,0,0
2016,MADRE DE DIOS,GOBIERNOS LOCALES,0,0,121168498,86517509,97938,140508,8029268,1473712
2016,MADRE DE DIOS,GOBIERNOS REGIONALES,0,0,349503315,305491921,97938,140508,939292,934410
2016,MADRE DE DIOS,TRES NIVELES DE GOBIERNO,0,0,941662708,817242421,97938,140508,8968560,2408122
2016,MOQUEGUA,GOBIERNO NACIONAL,0,0,339779616,271188527,122115,182333,0,0
2016,MOQUEGUA,GOBIERNOS LOCALES,0,0,571115775,403590599,122115,182333,8756149,4687041
2016,MOQUEGUA,GOBIERNOS REGIONALES,0,0,513966565,454490905,122115,182333,23734,22500
2016,MOQUEGUA,TRES NIVELES DE GOBIERNO,0,0,1424861956,1129270031,122115,182333,8779883,4709541
2016,NACIONAL,GOBIERNO NACIONAL,0,0,97567912387,87403933246,19030611,31488625,10689804,8446228
2016,NACIONAL,GOBIERNOS LOCALES,0,0,31397236289,23003218952,19030611,31488625,474899868,313445612
2016,NACIONAL,GOBIERNOS REGIONALES,0,0,29317069251,26235714968,19030611,31488625,101051146,84264681
2016,NACIONAL,TRES NIVELES DE GOBIERNO,0,0,1.58282E+11,1.36643E+11,19030611,31488625,586640818,406156522
2016,PASCO,GOBIERNO NACIONAL,0,0,548430097,451914620,162935,306322,0,0
2016,PASCO,GOBIERNOS LOCALES,0,0,450466590,312169514,162935,306322,6981062,4816905
2016,PASCO,GOBIERNOS REGIONALES,0,0,631218838,566772503,162935,306322,5410617,5247428
2016,PASCO,TRES NIVELES DE GOBIERNO,0,0,1630115525,1330856637,162935,306322,12391679,10064333
2016,PIURA,GOBIERNO NACIONAL,0,0,2061878852,1821899788,1162618,1858617,0,0
2016,PIURA,GOBIERNOS LOCALES,0,0,1741934667,1278090735,1162618,1858617,21410066,17119654
2016,PIURA,GOBIERNOS REGIONALES,0,0,1763772113,1559901990,1162618,1858617,0,0
2016,PIURA,TRES NIVELES DE GOBIERNO,0,0,5567585632,4659892513,1162618,1858617,21410066,17119654
2016,PROVINCIA CONSTITUCIONAL DEL CALLAO,GOBIERNO NACIONAL,0,0,3248607383,2812268622,0,0,0,0
2016,PROVINCIA CONSTITUCIONAL DEL CALLAO,GOBIERNOS LOCALES,0,0,746792368,599249330,0,0,0,0
2016,PROVINCIA CONSTITUCIONAL DEL CALLAO,GOBIERNOS REGIONALES,0,0,1209216422,1101742771,0,0,0,0
2016,PROVINCIA CONSTITUCIONAL DEL CALLAO,TRES NIVELES DE GOBIERNO,0,0,5204616173,4513260723,0,0,0,0
2016,PUNO,GOBIERNO NACIONAL,0,0,2267518200,2064957701,754533,1429098,0,0
2016,PUNO,GOBIERNOS LOCALES,0,0,1505685251,1051785874,754533,1429098,12890224,6381240
2016,PUNO,GOBIERNOS REGIONALES,0,0,1517527326,1387598678,754533,1429098,2300000,2241699
2016,PUNO,TRES NIVELES DE GOBIERNO,0,0,5290730777,4504342253,754533,1429098,15190224,8622939
2016,SAN MARTIN,GOBIERNO NACIONAL,0,0,914932801,823711569,493843,851883,1500000,1499069
2016,SAN MARTIN,GOBIERNOS LOCALES,0,0,821897823,613090858,493843,851883,9000668,4615929
2016,SAN MARTIN,GOBIERNOS REGIONALES,0,0,1352355456,1231451473,493843,851883,2787655,1724684
2016,SAN MARTIN,TRES NIVELES DE GOBIERNO,0,0,3089186080,2668253900,493843,851883,13288323,7839682
2016,TACNA,GOBIERNO NACIONAL,0,0,875624999,812440617,230366,346013,0,0
2016,TACNA,GOBIERNOS LOCALES,0,0,560303005,441943498,230366,346013,4297082,4219473
2016,TACNA,GOBIERNOS REGIONALES,0,0,534799654,417850478,230366,346013,18000,0
2016,TACNA,TRES NIVELES DE GOBIERNO,0,0,1970727658,1672234593,230366,346013,4315082,4219473
2016,TUMBES,GOBIERNO NACIONAL,0,0,372287997,311434342,147710,240590,0,0
2016,TUMBES,GOBIERNOS LOCALES,0,0,295488328,187466770,147710,240590,1854947,311761
2016,TUMBES,GOBIERNOS REGIONALES,0,0,448318116,401414991,147710,240590,295462,293842
2016,TUMBES,TRES NIVELES DE GOBIERNO,0,0,1116094441,900316103,147710,240590,2150409,605603
2016,UCAYALI,GOBIERNO NACIONAL,0,0,941600517,844159992,304186,501269,0,0
2016,UCAYALI,GOBIERNOS LOCALES,0,0,517976411,374019266,304186,501269,1112295,654355
2016,UCAYALI,GOBIERNOS REGIONALES,0,0,853871948,725811678,304186,501269,0,0
2016,UCAYALI,TRES NIVELES DE GOBIERNO,0,0,2313448876,1943990936,304186,501269,1112295,654355
2017,AMAZONAS,GOBIERNO NACIONAL,0,0,1253308060,1206270097,236607,424952,3522973,3315517
2017,AMAZONAS,GOBIERNOS LOCALES,0,0,594315078,389531172,236607,424952,14735048,14317716
2017,AMAZONAS,GOBIERNOS REGIONALES,0,0,934264709,830745792,236607,424952,13847183,13482477
2017,AMAZONAS,TRES NIVELES DE GOBIERNO,0,0,2781887847,2426547061,236607,424952,32105204,31115710
2017,ANCASH,GOBIERNO NACIONAL,0,0,1679085590,1459326250,694742,1160490,6573835,5886399
2017,ANCASH,GOBIERNOS LOCALES,0,0,1812718478,1164517471,694742,1160490,39058270,28289722
2017,ANCASH,GOBIERNOS REGIONALES,0,0,1625125383,1381690700,694742,1160490,3113323,1490299
2017,ANCASH,TRES NIVELES DE GOBIERNO,0,0,5116929451,4005534421,694742,1160490,48745428,35666420
2017,APURIMAC,GOBIERNO NACIONAL,0,0,1065686622,953500723,248674,462791,0,0
2017,APURIMAC,GOBIERNOS LOCALES,0,0,1248944809,736502405,248674,462791,43386769,28091559
2017,APURIMAC,GOBIERNOS REGIONALES,0,0,990625693,887309966,248674,462791,35409746,23803270
2017,APURIMAC,TRES NIVELES DE GOBIERNO,0,0,3305257124,2577313094,248674,462791,78796515,51894829
2017,AREQUIPA,GOBIERNO NACIONAL,0,0,1914761076,1811847596,911876,1315528,0,0
2017,AREQUIPA,GOBIERNOS LOCALES,0,0,1863898822,1224709560,911876,1315528,48985072,32485041
2017,AREQUIPA,GOBIERNOS REGIONALES,0,0,2339318673,1933173320,911876,1315528,0,0
2017,AREQUIPA,TRES NIVELES DE GOBIERNO,0,0,6117978571,4969730476,911876,1315528,48985072,32485041
2017,AYACUCHO,GOBIERNO NACIONAL,0,0,1273561493,1191457223,377531,703629,0,0
2017,AYACUCHO,GOBIERNOS LOCALES,0,0,1295666099,879825407,377531,703629,56961693,40332875
2017,AYACUCHO,GOBIERNOS REGIONALES,0,0,1484504663,1251049430,377531,703629,12984460,12788951
2017,AYACUCHO,TRES NIVELES DE GOBIERNO,0,0,4053732255,3322332060,377531,703629,69946153,53121826
2017,CAJAMARCA,GOBIERNO NACIONAL,0,0,1625566257,1513465894,831125,1537172,540238,237000
2017,CAJAMARCA,GOBIERNOS LOCALES,0,0,2148977213,1554787168,831125,1537172,67864055,57876436
2017,CAJAMARCA,GOBIERNOS REGIONALES,0,0,2089155842,1775305276,831125,1537172,2350507,1559681
2017,CAJAMARCA,TRES NIVELES DE GOBIERNO,0,0,5863699312,4843558338,831125,1537172,70754800,59673118
2017,CALLAO,GOBIERNO NACIONAL,0,0,0,0,693346,1038706,0,0
2017,CALLAO,GOBIERNOS LOCALES,0,0,0,0,693346,1038706,0,0
2017,CALLAO,GOBIERNOS REGIONALES,0,0,0,0,693346,1038706,0,0
2017,CALLAO,TRES NIVELES DE GOBIERNO,0,0,0,0,693346,1038706,0,0
2017,CUSCO,GOBIERNO NACIONAL,0,0,2319121664,2172463352,792537,1331758,0,0
2017,CUSCO,GOBIERNOS LOCALES,0,0,2693790770,1999179503,792537,1331758,64457626,43368433
2017,CUSCO,GOBIERNOS REGIONALES,0,0,1926522608,1690399024,792537,1331758,2936628,2415242
2017,CUSCO,TRES NIVELES DE GOBIERNO,0,0,6939435042,5862041879,792537,1331758,67394254,45783675
2017,HUANCAVELICA,GOBIERNO NACIONAL,0,0,775547174,732239403,203693,502084,0,0
2017,HUANCAVELICA,GOBIERNOS LOCALES,0,0,934711542,676003807,203693,502084,26449333,18032710
2017,HUANCAVELICA,GOBIERNOS REGIONALES,0,0,1057900639,932305037,203693,502084,4476868,4279835
2017,HUANCAVELICA,TRES NIVELES DE GOBIERNO,0,0,2768159355,2340548247,203693,502084,30926201,22312544
2017,HUANUCO,GOBIERNO NACIONAL,0,0,1211220498,1116804266,437020,872523,0,0
2017,HUANUCO,GOBIERNOS LOCALES,0,0,1257962829,828345322,437020,872523,25374097,16772826
2017,HUANUCO,GOBIERNOS REGIONALES,0,0,1208407874,1026777748,437020,872523,2765227,2743122
2017,HUANUCO,TRES NIVELES DE GOBIERNO,0,0,3677591201,2971927336,437020,872523,28139324,19515948
2017,ICA,GOBIERNO NACIONAL,0,0,1032029178,926153854,545934,802610,0,0
2017,ICA,GOBIERNOS LOCALES,0,0,752154036,520970994,545934,802610,14585953,7258338
2017,ICA,GOBIERNOS REGIONALES,0,0,1017389079,917417685,545934,802610,0,0
2017,ICA,TRES NIVELES DE GOBIERNO,0,0,2801572293,2364542533,545934,802610,14585953,7258338
2017,JUNIN,GOBIERNO NACIONAL,0,0,1604578525,1451522958,799765,1370274,0,0
2017,JUNIN,GOBIERNOS LOCALES,0,0,1353878323,899676628,799765,1370274,96601362,38451657
2017,JUNIN,GOBIERNOS REGIONALES,0,0,1911058192,1741673923,799765,1370274,0,0
2017,JUNIN,TRES NIVELES DE GOBIERNO,0,0,4869515040,4092873509,799765,1370274,96601362,38451657
2017,LA LIBERTAD,GOBIERNO NACIONAL,0,0,2044600138,1731357201,1181594,1905301,0,0
2017,LA LIBERTAD,GOBIERNOS LOCALES,0,0,1928555370,1370707849,1181594,1905301,43907281,23279422
2017,LA LIBERTAD,GOBIERNOS REGIONALES,0,0,2246472259,1757153361,1181594,1905301,0,0
2017,LA LIBERTAD,TRES NIVELES DE GOBIERNO,0,0,6219627767,4859218411,1181594,1905301,43907281,23279422
2017,LAMBAYEQUE,GOBIERNO NACIONAL,0,0,1912891139,1635886254,775360,1280788,0,0
2017,LAMBAYEQUE,GOBIERNOS LOCALES,0,0,869787703,543513490,775360,1280788,27297714,10372997
2017,LAMBAYEQUE,GOBIERNOS REGIONALES,0,0,1374280029,1217195473,775360,1280788,0,0
2017,LAMBAYEQUE,TRES NIVELES DE GOBIERNO,0,0,4156958871,3396595217,775360,1280788,27297714,10372997
2017,LIMA,GOBIERNO NACIONAL,0,0,72651765361,65078948820,6773588,10143003,154874,0
2017,LIMA,GOBIERNOS LOCALES,0,0,7644321908,5257189010,6773588,10143003,32037447,11972549
2017,LIMA,GOBIERNOS REGIONALES,0,0,1491738073,1304644133,6773588,10143003,99383,91879
2017,LIMA,TRES NIVELES DE GOBIERNO,0,0,81787825342,71640781963,6773588,10143003,32291704,12064427
2017,LORETO,GOBIERNO NACIONAL,0,0,1470416618,1192607625,537582,1058946,2175465,2175458
2017,LORETO,GOBIERNOS LOCALES,0,0,924046017,675434072,537582,1058946,31684310,12335554
2017,LORETO,GOBIERNOS REGIONALES,0,0,1748268782,1618060973,537582,1058946,1091417,137100
2017,LORETO,TRES NIVELES DE GOBIERNO,0,0,4142731417,3486102670,537582,1058946,34951192,14648112
2017,MADRE DE DIOS,GOBIERNO NACIONAL,0,0,493836832,462701473,103236,143687,999218,673936
2017,MADRE DE DIOS,GOBIERNOS LOCALES,0,0,134829328,87840368,103236,143687,8103425,3214662
2017,MADRE DE DIOS,GOBIERNOS REGIONALES,0,0,365128467,329704284,103236,143687,163878,57360
2017,MADRE DE DIOS,TRES NIVELES DE GOBIERNO,0,0,993794627,880246125,103236,143687,9266521,3945957
2017,MOQUEGUA,GOBIERNO NACIONAL,0,0,357995525,341627393,125087,184187,0,0
2017,MOQUEGUA,GOBIERNOS LOCALES,0,0,466198154,320507580,125087,184187,7004438,4697142
2017,MOQUEGUA,GOBIERNOS REGIONALES,0,0,644810181,561076827,125087,184187,0,0
2017,MOQUEGUA,TRES NIVELES DE GOBIERNO,0,0,1469003860,1223211800,125087,184187,7004438,4697142
2017,NACIONAL,GOBIERNO NACIONAL,0,0,1.07509E+11,96645054652,19614428,31826018,43975000,14188418
2017,NACIONAL,GOBIERNOS LOCALES,0,0,34975351697,24172937369,19614428,31826018,794190969,481825507
2017,NACIONAL,GOBIERNOS REGIONALES,0,0,33816697466,29170592886,19614428,31826018,89754260,72015630
2017,NACIONAL,TRES NIVELES DE GOBIERNO,0,0,1.76301E+11,1.49989E+11,19614428,31826018,927920229,568029552
2017,PASCO,GOBIERNO NACIONAL,0,0,514373291,449179912,164646,308465,0,0
2017,PASCO,GOBIERNOS LOCALES,0,0,477623419,315075681,164646,308465,11228668,9490311
2017,PASCO,GOBIERNOS REGIONALES,0,0,718533204,566007069,164646,308465,4995469,4781255
2017,PASCO,TRES NIVELES DE GOBIERNO,0,0,1710529914,1330262662,164646,308465,16224137,14271566
2017,PIURA,GOBIERNO NACIONAL,0,0,2648407820,2301083781,1202226,1873024,28107505,0
2017,PIURA,GOBIERNOS LOCALES,0,0,1847482521,1340171334,1202226,1873024,20943583,15941952
2017,PIURA,GOBIERNOS REGIONALES,0,0,2303456112,1765977880,1202226,1873024,52166,0
2017,PIURA,TRES NIVELES DE GOBIERNO,0,0,6799346453,5407232995,1202226,1873024,49103254,15941952
2017,PROVINCIA CONSTITUCIONAL DEL CALLAO,GOBIERNO NACIONAL,0,0,3276873918,2998557605,0,0,0,0
2017,PROVINCIA CONSTITUCIONAL DEL CALLAO,GOBIERNOS LOCALES,0,0,759250715,625829168,0,0,0,0
2017,PROVINCIA CONSTITUCIONAL DEL CALLAO,GOBIERNOS REGIONALES,0,0,1127899441,971443619,0,0,0,0
2017,PROVINCIA CONSTITUCIONAL DEL CALLAO,TRES NIVELES DE GOBIERNO,0,0,5164024074,4595830392,0,0,0,0
2017,PUNO,GOBIERNO NACIONAL,0,0,2144831468,2010704660,760700,1442930,0,0
2017,PUNO,GOBIERNOS LOCALES,0,0,1561222463,1053143747,760700,1442930,33460859,23804655
2017,PUNO,GOBIERNOS REGIONALES,0,0,1837605749,1638729943,760700,1442930,3951536,3794466
2017,PUNO,TRES NIVELES DE GOBIERNO,0,0,5543659680,4702578350,760700,1442930,37412395,27599121
2017,SAN MARTIN,GOBIERNO NACIONAL,0,0,1124865738,1032470277,508093,862822,1900892,1900108
2017,SAN MARTIN,GOBIERNOS LOCALES,0,0,1051016535,747372574,508093,862822,77352791,39384021
2017,SAN MARTIN,GOBIERNOS REGIONALES,0,0,1334016964,1231935644,508093,862822,1498469,572693
2017,SAN MARTIN,TRES NIVELES DE GOBIERNO,0,0,3509899237,3011778495,508093,862822,80752152,41856821
2017,TACNA,GOBIERNO NACIONAL,0,0,931502007,873552370,238841,350105,0,0
2017,TACNA,GOBIERNOS LOCALES,0,0,560828443,408987884,238841,350105,277968,233343
2017,TACNA,GOBIERNOS REGIONALES,0,0,656165459,548009337,238841,350105,18000,18000
2017,TACNA,TRES NIVELES DE GOBIERNO,0,0,2148495909,1830549591,238841,350105,295968,251343
2017,TUMBES,GOBIERNO NACIONAL,0,0,537631367,395545407,152440,243362,0,0
2017,TUMBES,GOBIERNOS LOCALES,0,0,261687999,160327706,152440,243362,2074797,1463176
2017,TUMBES,GOBIERNOS REGIONALES,0,0,481004397,444026511,152440,243362,0,0
2017,TUMBES,TRES NIVELES DE GOBIERNO,0,0,1280323763,999899624,152440,243362,2074797,1463176
2017,UCAYALI,GOBIERNO NACIONAL,0,0,849320889,821435099,318185,506881,0,0
2017,UCAYALI,GOBIERNOS LOCALES,0,0,531483123,392787483,318185,506881,358410,358410
2017,UCAYALI,GOBIERNOS REGIONALES,0,0,903044994,848779961,318185,506881,0,0
2017,UCAYALI,TRES NIVELES DE GOBIERNO,0,0,2283849006,2063002543,318185,506881,358410,358410
2018,AMAZONAS,GOBIERNO NACIONAL,0,0,1495337097,1428014927,241316,435422,3814528,2479583
2018,AMAZONAS,GOBIERNOS LOCALES,0,0,591771351,447968845,241316,435422,3090461,2970727
2018,AMAZONAS,GOBIERNOS REGIONALES,0,0,1074280702,912218307,241316,435422,6745087,6697569
2018,AMAZONAS,TRES NIVELES DE GOBIERNO,0,0,3161389150,2788202079,241316,435422,13650076,12147879
2018,ANCASH,GOBIERNO NACIONAL,135656587,30444079,1742667281,1449612979,714607,1161356,4791399,3070797
2018,ANCASH,GOBIERNOS LOCALES,69864319,21605490,2401617333,1516054419,714607,1161356,24174187,11321568
2018,ANCASH,GOBIERNOS REGIONALES,0,0,2118617936,1761407416,714607,1161356,37339010,11732051
2018,ANCASH,TRES NIVELES DE GOBIERNO,205520906,52049573,6262902550,4727074814,714607,1161356,66304596,26124417
2018,APURIMAC,GOBIERNO NACIONAL,0,0,1040655410,921499044,252314,453208,0,0
2018,APURIMAC,GOBIERNOS LOCALES,0,0,1230433673,821319605,252314,453208,15632838,12522622
2018,APURIMAC,GOBIERNOS REGIONALES,0,0,1147653145,994894173,252314,453208,51944179,40019255
2018,APURIMAC,TRES NIVELES DE GOBIERNO,0,0,3418742228,2737712822,252314,453208,67577017,52541876
2018,AREQUIPA,GOBIERNO NACIONAL,4374973,971316,2000156146,1906844180,946490,1346854,0,0
2018,AREQUIPA,GOBIERNOS LOCALES,3895863,1362592,2307576949,1507808098,946490,1346854,51493306,29283838
2018,AREQUIPA,GOBIERNOS REGIONALES,41402898,1003122,2473506318,1971193380,946490,1346854,0,0
2018,AREQUIPA,TRES NIVELES DE GOBIERNO,49673734,3337029,6781239413,5385845658,946490,1346854,51493306,29283838
2018,AYACUCHO,GOBIERNO NACIONAL,271189,104869,1267487596,1119743488,384700,698045,0,0
2018,AYACUCHO,GOBIERNOS LOCALES,86365488,11430495,1329903273,878655475,384700,698045,46801783,25468099
2018,AYACUCHO,GOBIERNOS REGIONALES,0,0,1575962597,1474377244,384700,698045,14888627,14169891
2018,AYACUCHO,TRES NIVELES DE GOBIERNO,86636677,11535364,4173353466,3472776207,384700,698045,61690410,39637990
2018,CAJAMARCA,GOBIERNO NACIONAL,1675138,403007,1698058161,1562048311,845429,1543974,303238,234523
2018,CAJAMARCA,GOBIERNOS LOCALES,117336942,32588476,1949173692,1380564280,845429,1543974,28507018,19077659
2018,CAJAMARCA,GOBIERNOS REGIONALES,0,0,2412339951,1953758382,845429,1543974,3147522,1164025
2018,CAJAMARCA,TRES NIVELES DE GOBIERNO,119012080,32991484,6059571804,4896370973,845429,1543974,31957778,20476207
2018,CALLAO,GOBIERNO NACIONAL,0,0,0,0,719360,1072583,0,0
2018,CALLAO,GOBIERNOS LOCALES,0,0,0,0,719360,1072583,0,0
2018,CALLAO,GOBIERNOS REGIONALES,0,0,0,0,719360,1072583,7315354,0
2018,CALLAO,TRES NIVELES DE GOBIERNO,0,0,0,0,719360,1072583,7315354,0
2018,CUSCO,GOBIERNO NACIONAL,513053,83675,2620908454,2410803549,812933,1340567,0,0
2018,CUSCO,GOBIERNOS LOCALES,12003299,3542497,3275614472,2579243517,812933,1340567,62835421,42707333
2018,CUSCO,GOBIERNOS REGIONALES,30970757,25923020,2455612096,1964891253,812933,1340567,6805835,5740807
2018,CUSCO,TRES NIVELES DE GOBIERNO,43487109,29549195,8352135022,6954938319,812933,1340567,69641256,48448141
2018,HUANCAVELICA,GOBIERNO NACIONAL,184216,104479,652885913,593877938,203451,477137,1642932,1626252
2018,HUANCAVELICA,GOBIERNOS LOCALES,12126507,1476592,819700075,630437690,203451,477137,19717806,12181045
2018,HUANCAVELICA,GOBIERNOS REGIONALES,56359725,1160899,1121231549,955377124,203451,477137,3831709,2821074
2018,HUANCAVELICA,TRES NIVELES DE GOBIERNO,68670448,2741969,2593817537,2179692752,203451,477137,25192447,16628371
2018,HUANUCO,GOBIERNO NACIONAL,159965,47144,1196975465,1137537635,442730,862782,0,0
2018,HUANUCO,GOBIERNOS LOCALES,0,0,1166181312,821244527,442730,862782,16298876,12403222
2018,HUANUCO,GOBIERNOS REGIONALES,0,0,1369746159,1188155608,442730,862782,2588824,1144440
2018,HUANUCO,TRES NIVELES DE GOBIERNO,159965,47145,3732902936,3146937770,442730,862782,18887700,13547662
2018,ICA,GOBIERNO NACIONAL,26189079,134941,1369647448,1099723039,567182,829753,0,0
2018,ICA,GOBIERNOS LOCALES,49816703,7491426,863460110,589423680,567182,829753,12944951,8364220
2018,ICA,GOBIERNOS REGIONALES,0,0,1049033904,947318504,567182,829753,0,0
2018,ICA,TRES NIVELES DE GOBIERNO,76005782,7626368,3282141462,2636465223,567182,829753,12944951,8364220
2018,JUNIN,GOBIERNO NACIONAL,51349,14074,1712939023,1622234439,814863,1347364,0,0
2018,JUNIN,GOBIERNOS LOCALES,2986428,2717817,1434672059,1011824882,814863,1347364,71933299,49373880
2018,JUNIN,GOBIERNOS REGIONALES,0,0,2002848594,1755737573,814863,1347364,0,0
2018,JUNIN,TRES NIVELES DE GOBIERNO,3037777,2731891,5150459676,4389796894,814863,1347364,71933299,49373880
2018,LA LIBERTAD,GOBIERNO NACIONAL,37461920,7793644,3078933759,2929347160,1229196,1927650,2156344,92740
2018,LA LIBERTAD,GOBIERNOS LOCALES,321979409,48507789,2268542792,1388017489,1229196,1927650,65686420,30203303
2018,LA LIBERTAD,GOBIERNOS REGIONALES,25273643,599939,2566030316,1853774112,1229196,1927650,0,0
2018,LA LIBERTAD,TRES NIVELES DE GOBIERNO,384714972,56901371,7913506867,6171138761,1229196,1927650,67842764,30296043
2018,LAMBAYEQUE,GOBIERNO NACIONAL,68485626,10859451,2406635709,1817594789,800444,1309881,7950174,0
2018,LAMBAYEQUE,GOBIERNOS LOCALES,87288999,30686128,859921197,599236223,800444,1309881,9579576,7181522
2018,LAMBAYEQUE,GOBIERNOS REGIONALES,4765333,0,1429262435,1265209257,800444,1309881,0,0
2018,LAMBAYEQUE,TRES NIVELES DE GOBIERNO,160539958,41545578,4695819341,3682040269,800444,1309881,17529750,7181522
2018,LIMA,GOBIERNO NACIONAL,234280675,49983084,71971403447,65468496482,7026636,10280114,3387003,0
2018,LIMA,GOBIERNOS LOCALES,35340463,11334241,8602447648,6573140583,7026636,10280114,85122243,11578975
2018,LIMA,GOBIERNOS REGIONALES,33795495,334713,1648070210,1310382524,7026636,10280114,1923646,1764834
2018,LIMA,TRES NIVELES DE GOBIERNO,303416633,61652038,82221921305,73352019589,7026636,10280114,90432892,13343809
2018,LORETO,GOBIERNO NACIONAL,0,0,1589392477,1440961330,552950,1092198,6455875,5034574
2018,LORETO,GOBIERNOS LOCALES,5122640,3368868,933428111,715994745,552950,1092198,51836733,47594461
2018,LORETO,GOBIERNOS REGIONALES,0,0,1771699095,1714098492,552950,1092198,2205166,1809290
2018,LORETO,TRES NIVELES DE GOBIERNO,5122640,3368868,4294519683,3871054567,552950,1092198,60497774,54438325
2018,MADRE DE DIOS,GOBIERNO NACIONAL,121688,26754,578828136,544667094,108758,152620,325283,325283
2018,MADRE DE DIOS,GOBIERNOS LOCALES,0,0,131562120,96308020,108758,152620,11734128,1263398
2018,MADRE DE DIOS,GOBIERNOS REGIONALES,0,0,445334356,367935426,108758,152620,1172439,699664
2018,MADRE DE DIOS,TRES NIVELES DE GOBIERNO,121688,26755,1155724612,1008910540,108758,152620,13231850,2288345
2018,MOQUEGUA,GOBIERNO NACIONAL,0,0,412648542,396624501,128240,186995,0,0
2018,MOQUEGUA,GOBIERNOS LOCALES,0,0,496254732,348850945,128240,186995,2660944,2343046
2018,MOQUEGUA,GOBIERNOS REGIONALES,0,0,567707302,471795738,128240,186995,0,0
2018,MOQUEGUA,TRES NIVELES DE GOBIERNO,0,0,1476610576,1217271184,128240,186995,2660944,2343046
2018,NACIONAL,GOBIERNO NACIONAL,678614028,179992564,1.11755E+11,1.00627E+11,20230391,32160192,90867076,33009377
2018,NACIONAL,GOBIERNOS LOCALES,1203629276,319842589,37892491677,27137072622,20230391,32160192,776289743,391268622
2018,NACIONAL,GOBIERNOS REGIONALES,840303123,262639277,37853465663,31699777760,20230391,32160192,153038689,98656059
2018,NACIONAL,TRES NIVELES DE GOBIERNO,2722546427,762474430,1.87501E+11,1.59464E+11,20230391,32160192,1020195508,522934059
2018,PASCO,GOBIERNO NACIONAL,79006,0,606152236,534621551,166595,305807,0,0
2018,PASCO,GOBIERNOS LOCALES,0,0,459312756,299811583,166595,305807,4601319,2178362
2018,PASCO,GOBIERNOS REGIONALES,0,0,816301886,593638268,166595,305807,7423459,6017418
2018,PASCO,TRES NIVELES DE GOBIERNO,79006,0,1881766878,1428071402,166595,305807,12024778,8195780
2018,PIURA,GOBIERNO NACIONAL,150419676,71266652,4598378458,3248313713,1243513,1898227,56540062,16751292
2018,PIURA,GOBIERNOS LOCALES,357275418,130817157,2158043194,1466207377,1243513,1898227,25224747,9659507
2018,PIURA,GOBIERNOS REGIONALES,641022244,229505417,2915572511,2291450677,1243513,1898227,653193,590966
2018,PIURA,TRES NIVELES DE GOBIERNO,1148717338,431589221,9671994163,7005971767,1243513,1898227,82418002,27001765
2018,PROVINCIA CONSTITUCIONAL DEL CALLAO,GOBIERNO NACIONAL,8840000,7329960,3175401612,2905529299,0,0,0,0
2018,PROVINCIA CONSTITUCIONAL DEL CALLAO,GOBIERNOS LOCALES,0,0,774911069,667537067,0,0,0,0
2018,PROVINCIA CONSTITUCIONAL DEL CALLAO,GOBIERNOS REGIONALES,0,0,1202085254,1023832959,0,0,0,0
2018,PROVINCIA CONSTITUCIONAL DEL CALLAO,TRES NIVELES DE GOBIERNO,8840000,7329960,5152397935,4596899325,0,0,0,0
2018,PUNO,GOBIERNO NACIONAL,240399,0,2272354000,2146778891,767357,1403301,0,0
2018,PUNO,GOBIERNOS LOCALES,0,0,1364496866,1016189262,767357,1403301,11361360,8786113
2018,PUNO,GOBIERNOS REGIONALES,0,0,1960495755,1789092153,767357,1403301,3562132,3242088
2018,PUNO,TRES NIVELES DE GOBIERNO,240399,0,5597346621,4952060306,767357,1403301,14923492,12028201
2018,SAN MARTIN,GOBIERNO NACIONAL,12800,10278,1325459354,1225281919,523149,891704,2189620,2181364
2018,SAN MARTIN,GOBIERNOS LOCALES,14185609,6031822,1030135818,752313239,523149,891704,149888471,44506571
2018,SAN MARTIN,GOBIERNOS REGIONALES,0,0,1485534107,1257511318,523149,891704,1492507,1042687
2018,SAN MARTIN,TRES NIVELES DE GOBIERNO,14198409,6042100,3841129279,3235106476,523149,891704,153570598,47730622
2018,TACNA,GOBIERNO NACIONAL,145769,43739,663184985,600213674,247798,349518,0,0
2018,TACNA,GOBIERNOS LOCALES,0,0,575828376,427949897,247798,349518,263498,237584
2018,TACNA,GOBIERNOS REGIONALES,0,0,708509380,560966319,247798,349518,0,0
2018,TACNA,TRES NIVELES DE GOBIERNO,145769,43739,1947522741,1589129890,247798,349518,263498,237584
2018,TUMBES,GOBIERNO NACIONAL,9327161,343253,741711464,674073873,157447,251451,1310618,1212969
2018,TUMBES,GOBIERNOS LOCALES,28041189,6881209,295525093,187730820,157447,251451,4832961,3080
2018,TUMBES,GOBIERNOS REGIONALES,6713028,4112167,500624207,459678079,157447,251451,0,0
2018,TUMBES,TRES NIVELES DE GOBIERNO,44081378,11336629,1537860764,1321482772,157447,251451,6143579,1216049
2018,UCAYALI,GOBIERNO NACIONAL,123759,28148,724296261,662974467,332933,541681,0,0
2018,UCAYALI,GOBIERNOS LOCALES,0,0,571977606,413240392,332933,541681,67397,58487
2018,UCAYALI,GOBIERNOS REGIONALES,0,0,1035405898,861083494,332933,541681,0,0
2018,UCAYALI,TRES NIVELES DE GOBIERNO,123759,28149,2331679765,1937298353,332933,541681,67397,58487
2019,AMAZONAS,GOBIERNO NACIONAL,0,0,907251097,859120141,245782,427041,5108678,4774792
2019,AMAZONAS,GOBIERNOS LOCALES,2801687,195828,543486776,373641093,245782,427041,2188533,2004991
2019,AMAZONAS,GOBIERNOS REGIONALES,2065201,0,1126138048,910180826,245782,427041,8082593,7640535
2019,AMAZONAS,TRES NIVELES DE GOBIERNO,4866888,195828,2576875921,2142942060,245782,427041,15379804,14420318
2019,ANCASH,GOBIERNO NACIONAL,966864363,118482125,2621218217,1988606255,732720,1171756,2728781,561273
2019,ANCASH,GOBIERNOS LOCALES,196251167,78712721,2476942867,1360400740,732720,1171756,36766655,14264508
2019,ANCASH,GOBIERNOS REGIONALES,9712552,0,2129141222,1771124875,732720,1171756,25976110,2413369
2019,ANCASH,TRES NIVELES DE GOBIERNO,664196851,197194846,7227302306,5120131870,732720,1171756,65471546,17239150
2019,APURIMAC,GOBIERNO NACIONAL,0,0,1045229617,967659256,255707,466936,24842618,22962776
2019,APURIMAC,GOBIERNOS LOCALES,1657707,0,905213223,658403467,255707,466936,11672441,3875662
2019,APURIMAC,GOBIERNOS REGIONALES,0,0,1214139106,1119780038,255707,466936,31607129,31432449
2019,APURIMAC,TRES NIVELES DE GOBIERNO,1657707,0,3164581946,2745842761,255707,466936,68122188,58270887
2019,AREQUIPA,GOBIERNO NACIONAL,252183436,4039898,2540956762,2184037161,979286,1350676,0,0
2019,AREQUIPA,GOBIERNOS LOCALES,27572898,12887372,2080709768,1294677303,979286,1350676,38616622,12259008
2019,AREQUIPA,GOBIERNOS REGIONALES,130093160,22451639,2386260649,1921338984,979286,1350676,2607292,1064237
2019,AREQUIPA,TRES NIVELES DE GOBIERNO,336724062,39378910,7007927179,5400053448,979286,1350676,41223914,13323245
2019,AYACUCHO,GOBIERNO NACIONAL,6386297,619016,1465134320,1232857218,391390,718634,0,0
2019,AYACUCHO,GOBIERNOS LOCALES,227614241,137454266,1311282377,944456273,391390,718634,67348401,49308322
2019,AYACUCHO,GOBIERNOS REGIONALES,0,0,1720336853,1443071900,391390,718634,6394843,5844040
2019,AYACUCHO,TRES NIVELES DE GOBIERNO,203037748,138073280,4496753550,3620385391,391390,718634,73743244,55152362
2019,CAJAMARCA,GOBIERNO NACIONAL,42013400,2489379,2240056068,1891554195,858915,1543104,71990,0
2019,CAJAMARCA,GOBIERNOS LOCALES,309497742,154207668,1936530168,1308660081,858915,1543104,57490086,28442440
2019,CAJAMARCA,GOBIERNOS REGIONALES,0,0,2370317279,2061941998,858915,1543104,830783,301959
2019,CAJAMARCA,TRES NIVELES DE GOBIERNO,314282811,156697040,6546903515,5262156274,858915,1543104,58392859,28744399
2019,CALLAO,GOBIERNO NACIONAL,0,0,0,0,743670,1067815,0,0
2019,CALLAO,GOBIERNOS LOCALES,0,0,0,0,743670,1067815,0,0
2019,CALLAO,GOBIERNOS REGIONALES,0,0,0,0,743670,1067815,8538593,0
2019,CALLAO,TRES NIVELES DE GOBIERNO,0,0,0,0,743670,1067815,8538593,0
2019,CUSCO,GOBIERNO NACIONAL,328325,278431,2698466590,2384517060,832238,1346373,0,0
2019,CUSCO,GOBIERNOS LOCALES,8460802,3447357,3103132756,2437212381,832238,1346373,60889822,37920007
2019,CUSCO,GOBIERNOS REGIONALES,2452306,2451512,2452145043,2088637412,832238,1346373,8747926,7399468
2019,CUSCO,TRES NIVELES DE GOBIERNO,11241433,6177299,8253744389,6910366853,832238,1346373,69637748,45319475
2019,HUANCAVELICA,GOBIERNO NACIONAL,14959930,1455649,871302068,825998255,203101,509117,1807157,1713087
2019,HUANCAVELICA,GOBIERNOS LOCALES,61620675,41713919,789074378,554814148,203101,509117,12507173,6406515
2019,HUANCAVELICA,GOBIERNOS REGIONALES,69929464,22408687,1231639948,1090762410,203101,509117,3563042,2703713
2019,HUANCAVELICA,TRES NIVELES DE GOBIERNO,144235197,65578253,2892016394,2471574813,203101,509117,17877372,10823315
2019,HUANUCO,GOBIERNO NACIONAL,72540,51925,1350396648,1282957114,447924,889134,1850542,1841233
2019,HUANUCO,GOBIERNOS LOCALES,6765317,1096084,944412139,679089549,447924,889134,1964301,1311076
2019,HUANUCO,GOBIERNOS REGIONALES,8664001,611234,1406589155,1318727608,447924,889134,1447129,1437300
2019,HUANUCO,TRES NIVELES DE GOBIERNO,15501858,1759243,3701397942,3280774271,447924,889134,5261972,4589609
2019,ICA,GOBIERNO NACIONAL,50042029,8182905,1436120979,1313478069,587884,817965,0,0
2019,ICA,GOBIERNOS LOCALES,101077768,63191033,808052921,553644153,587884,817965,11556244,8557710
2019,ICA,GOBIERNOS REGIONALES,69693008,32278033,1177709131,1076114764,587884,817965,0,0
2019,ICA,TRES NIVELES DE GOBIERNO,198062530,103651974,3421883031,2943236986,587884,817965,11556244,8557710
2019,JUNIN,GOBIERNO NACIONAL,40133,30181,1791455738,1683641498,828895,1389850,0,0
2019,JUNIN,GOBIERNOS LOCALES,12940649,3676648,1289509964,896704265,828895,1389850,67881713,38149124
2019,JUNIN,GOBIERNOS REGIONALES,0,0,2088478473,1820045328,828895,1389850,0,0
2019,JUNIN,TRES NIVELES DE GOBIERNO,10316035,3706829,5169444175,4400391091,828895,1389850,67881713,38149124
2019,LA LIBERTAD,GOBIERNO NACIONAL,206043636,57970244,2278310526,1874824109,1273336,1956389,4695489,1253890
2019,LA LIBERTAD,GOBIERNOS LOCALES,834803420,441074120,2491329664,1583474169,1273336,1956389,88996471,61473831
2019,LA LIBERTAD,GOBIERNOS REGIONALES,50377582,7799629,2177936530,1946019414,1273336,1956389,0,0
2019,LA LIBERTAD,TRES NIVELES DE GOBIERNO,992599692,506843981,6947576720,5404317692,1273336,1956389,93691960,62727721
2019,LAMBAYEQUE,GOBIERNO NACIONAL,146948894,39882385,1767043454,1529048033,823541,1300720,11735427,3872185
2019,LAMBAYEQUE,GOBIERNOS LOCALES,228617837,93059480,804075597,534104372,823541,1300720,3073692,1922607
2019,LAMBAYEQUE,GOBIERNOS REGIONALES,42324431,10501562,1481033807,1352042579,823541,1300720,0,0
2019,LAMBAYEQUE,TRES NIVELES DE GOBIERNO,349940062,143443426,4052152858,3415194984,823541,1300720,14809119,5794793
2019,LIMA,GOBIERNO NACIONAL,391556099,164531453,74027455630,67978004878,7263412,10458367,11501956,3387280
2019,LIMA,GOBIERNOS LOCALES,174770198,59457645,7307487421,5303596061,7263412,10458367,22584910,10603777
2019,LIMA,GOBIERNOS REGIONALES,195166094,91374896,1796455732,1476126516,7263412,10458367,1809513,425872
2019,LIMA,TRES NIVELES DE GOBIERNO,691777505,315363994,83131398783,74757727455,7263412,10458367,35896379,14416929
2019,LORETO,GOBIERNO NACIONAL,2800416,1795,1519976085,1449061472,567424,1077831,7294071,7292327
2019,LORETO,GOBIERNOS LOCALES,6125778,2311435,917830589,657626894,567424,1077831,14279154,13444122
2019,LORETO,GOBIERNOS REGIONALES,0,0,2120189747,1922474077,567424,1077831,7051789,3879332
2019,LORETO,TRES NIVELES DE GOBIERNO,8547475,2313230,4557996421,4029162443,567424,1077831,28625014,24615782
2019,MADRE DE DIOS,GOBIERNO NACIONAL,45880,34716,723012996,680673936,114120,150181,0,0
2019,MADRE DE DIOS,GOBIERNOS LOCALES,0,0,171947365,90500762,114120,150181,10800408,4267125
2019,MADRE DE DIOS,GOBIERNOS REGIONALES,0,0,495428155,430520045,114120,150181,2961636,2934284
2019,MADRE DE DIOS,TRES NIVELES DE GOBIERNO,45880,34716,1390388516,1201694743,114120,150181,13762044,7201409
2019,MOQUEGUA,GOBIERNO NACIONAL,0,0,506914545,454308421,131227,187941,0,0
2019,MOQUEGUA,GOBIERNOS LOCALES,9396433,1929674,506840242,376317254,131227,187941,410363,206524
2019,MOQUEGUA,GOBIERNOS REGIONALES,9156989,2632271,573348380,495729014,131227,187941,10000,9590
2019,MOQUEGUA,TRES NIVELES DE GOBIERNO,18553422,4561944,1587103167,1326354689,131227,187941,420363,216114
2019,NACIONAL,GOBIERNO NACIONAL,2012049275,550776989,1.13392E+11,1.02945E+11,20807504,32526084,168905247,111541304
2019,NACIONAL,GOBIERNOS LOCALES,2830016050,1632676035,35641558928,24738778489,20807504,32526084,781496801,384522419
2019,NACIONAL,GOBIERNOS REGIONALES,1510591694,398208581,39537943420,33721989170,20807504,32526084,124593781,80670967
2019,NACIONAL,TRES NIVELES DE GOBIERNO,6352657019,2581661608,1.88572E+11,1.61406E+11,20807504,32526084,1074995829,576734691
2019,PASCO,GOBIERNO NACIONAL,0,0,712699016,663481447,168356,312777,0,0
2019,PASCO,GOBIERNOS LOCALES,4609287,2400561,455270831,300718261,168356,312777,4053230,3733058
2019,PASCO,GOBIERNOS REGIONALES,13096034,527785,802816385,670586025,168356,312777,8672565,7137970
2019,PASCO,TRES NIVELES DE GOBIERNO,17705321,2928347,1970786232,1634785733,168356,312777,12725795,10871028
2019,PIURA,GOBIERNO NACIONAL,593758507,130735279,2942645339,2523573590,1282434,1901896,89511756,62148696
2019,PIURA,GOBIERNOS LOCALES,893129078,510591903,2449824108,1633568086,1282434,1901896,44605787,28079285
2019,PIURA,GOBIERNOS REGIONALES,988253078,188227604,3253762426,2234157044,1282434,1901896,1052199,965955
2019,PIURA,TRES NIVELES DE GOBIERNO,2144325644,829554779,8646231873,6391298720,1282434,1901896,135169742,91193935
2019,PROVINCIA CONSTITUCIONAL DEL CALLAO,GOBIERNO NACIONAL,272968,272847,3254606853,2998628546,0,0,0,0
2019,PROVINCIA CONSTITUCIONAL DEL CALLAO,GOBIERNOS LOCALES,0,0,763543782,639634382,0,0,0,0
2019,PROVINCIA CONSTITUCIONAL DEL CALLAO,GOBIERNOS REGIONALES,0,0,1257945038,952594053,0,0,0,0
2019,PROVINCIA CONSTITUCIONAL DEL CALLAO,TRES NIVELES DE GOBIERNO,272968,272847,5276095673,4590856981,0,0,0,0
2019,PUNO,GOBIERNO NACIONAL,152710,140563,2387000491,2277071167,773062,1471405,38621,35000
2019,PUNO,GOBIERNOS LOCALES,0,0,1214431901,922088805,773062,1471405,1052978,831565
2019,PUNO,GOBIERNOS REGIONALES,0,0,2105513092,1898454871,773062,1471405,628106,615546
2019,PUNO,TRES NIVELES DE GOBIERNO,152710,140563,5706945484,5097614843,773062,1471405,1719705,1482111
2019,SAN MARTIN,GOBIERNO NACIONAL,0,0,1356409714,1198522564,537665,884795,717223,717221
2019,SAN MARTIN,GOBIERNOS LOCALES,26901140,8060849,1016356886,664771048,537665,884795,206281191,54728694
2019,SAN MARTIN,GOBIERNOS REGIONALES,4896413,1637075,1559891831,1415844907,537665,884795,4612533,4465348
2019,SAN MARTIN,TRES NIVELES DE GOBIERNO,31797553,9697923,3932658431,3279138519,537665,884795,211610947,59911263
2019,TACNA,GOBIERNO NACIONAL,83373,79223,695737308,630424060,256285,358314,0,0
2019,TACNA,GOBIERNOS LOCALES,0,0,524672944,380869122,256285,358314,3952847,1461
2019,TACNA,GOBIERNOS REGIONALES,0,0,783535326,658545547,256285,358314,0,0
2019,TACNA,TRES NIVELES DE GOBIERNO,83373,79223,2003945578,1669838729,256285,358314,3952847,1461
2019,TUMBES,GOBIERNO NACIONAL,117480359,21456931,650577349,522909142,162221,248877,7000938,981544
2019,TUMBES,GOBIERNOS LOCALES,44418257,17081031,277982709,165939270,162221,248877,8067205,289754
2019,TUMBES,GOBIERNOS REGIONALES,46979760,15306654,563030639,448788470,162221,248877,0,0
2019,TUMBES,TRES NIVELES DE GOBIERNO,186932327,53844614,1491590697,1137636882,162221,248877,15068143,1271298
2019,UCAYALI,GOBIERNO NACIONAL,52190,42061,722404087,684488827,346909,518190,0,0
2019,UCAYALI,GOBIERNOS LOCALES,5747777,126454,551617552,423866559,346909,518190,4456574,2441253
2019,UCAYALI,GOBIERNOS REGIONALES,0,0,1264161425,1198380459,346909,518190,0,0
2019,UCAYALI,TRES NIVELES DE GOBIERNO,5799967,168515,2538183064,2306735845,346909,518190,4456574,2441253
2020, ,GOBIERNOS LOCALES,0,0,0,0,0,0,0,0
2020, ,TRES NIVELES DE GOBIERNO,0,0,0,0,0,0,0,0
2020,AMAZONAS,GOBIERNO NACIONAL,0,0,1121462249,1040995777,249400,428752,2040006,2029377
2020,AMAZONAS,GOBIERNOS LOCALES,2693934,1537179,731102825,462047282,249400,428752,28140,24931
2020,AMAZONAS,GOBIERNOS REGIONALES,0,0,1144247558,1089636165,249400,428752,542695,542692
2020,AMAZONAS,TRES NIVELES DE GOBIERNO,2693934,1537179,2996812632,2592679224,249400,428752,2610841,2597001
2020,ANCASH,GOBIERNO NACIONAL,751224791,136296599,2776145453,2090770704,746192,1177538,0,0
2020,ANCASH,GOBIERNOS LOCALES,303874014,116139077,3050706222,1510169386,746192,1177538,2833741,687075
2020,ANCASH,GOBIERNOS REGIONALES,40396012,16962431,2330593819,1932058770,746192,1177538,11518683,3287109
2020,ANCASH,TRES NIVELES DE GOBIERNO,938417996,269398108,8157445494,5532998860,746192,1177538,14352424,3974184
2020,APURIMAC,GOBIERNO NACIONAL,0,0,1170450189,1107174920,258259,469831,0,0
2020,APURIMAC,GOBIERNOS LOCALES,0,0,1107350572,715730808,258259,469831,4544340,4302459
2020,APURIMAC,GOBIERNOS REGIONALES,0,0,1213767785,1154006689,258259,469831,14547325,14536720
2020,APURIMAC,TRES NIVELES DE GOBIERNO,0,0,3491568546,2976912417,258259,469831,19091665,18839179
2020,AREQUIPA,GOBIERNO NACIONAL,133649649,38846027,2709220457,2511904374,1006836,1378106,0,0
2020,AREQUIPA,GOBIERNOS LOCALES,31065033,9590915,2650645740,1463744251,1006836,1378106,964058,233580
2020,AREQUIPA,GOBIERNOS REGIONALES,60681886,28325741,2562169948,2163105626,1006836,1378106,0,0
2020,AREQUIPA,TRES NIVELES DE GOBIERNO,225396568,76762685,7922036145,6138754251,1006836,1378106,964058,233580
2020,AYACUCHO,GOBIERNO NACIONAL,1768862,622305,1422973493,1335595068,396790,726455,0,0
2020,AYACUCHO,GOBIERNOS LOCALES,137217737,79113632,1787563858,1100322509,396790,726455,6311439,4766687
2020,AYACUCHO,GOBIERNOS REGIONALES,1317011,0,1866172525,1648384981,396790,726455,1548775,1481569
2020,AYACUCHO,TRES NIVELES DE GOBIERNO,140303610,79735935,5076709876,4084302558,396790,726455,7860214,6248257
2020,CAJAMARCA,GOBIERNO NACIONAL,22029378,11710448,3151710876,2923149551,869759,1546741,109003,106502
2020,CAJAMARCA,GOBIERNOS LOCALES,212106745,105841974,2611091305,1514266693,869759,1546741,803501,483383
2020,CAJAMARCA,GOBIERNOS REGIONALES,660240,0,2636701596,2284817289,869759,1546741,1433128,1357588
2020,CAJAMARCA,TRES NIVELES DE GOBIERNO,234492234,117546974,8399503777,6722233533,869759,1546741,2345632,1947474
2020,CALLAO,GOBIERNO NACIONAL,0,0,0,0,763229,1083142,0,0
2020,CALLAO,GOBIERNOS LOCALES,0,0,0,0,763229,1083142,0,0
2020,CALLAO,GOBIERNOS REGIONALES,0,0,0,0,763229,1083142,0,0
2020,CALLAO,TRES NIVELES DE GOBIERNO,0,0,0,0,763229,1083142,0,0
2020,CUSCO,GOBIERNO NACIONAL,4701,0,3485798522,3021313765,848458,1354360,0,0
2020,CUSCO,GOBIERNOS LOCALES,5013445,4319607,3145279104,2277387751,848458,1354360,17401220,16755498
2020,CUSCO,GOBIERNOS REGIONALES,2577935,2577935,2467766367,2258064248,848458,1354360,6993889,6938827
2020,CUSCO,TRES NIVELES DE GOBIERNO,7596081,6897542,9098843993,7556765764,848458,1354360,24395109,23694324
2020,HUANCAVELICA,GOBIERNO NACIONAL,21254266,5432186,1000077521,913827261,202193,512952,3670941,3670180
2020,HUANCAVELICA,GOBIERNOS LOCALES,53977365,27430754,1077927007,660055853,202193,512952,537770,342922
2020,HUANCAVELICA,GOBIERNOS REGIONALES,50392920,16169986,1239742839,1110609715,202193,512952,4184325,4080799
2020,HUANCAVELICA,TRES NIVELES DE GOBIERNO,125624551,49032927,3317747367,2684492829,202193,512952,8393036,8093901
2020,HUANUCO,GOBIERNO NACIONAL,0,0,1712782006,1636352189,451744,917192,3009704,3005126
2020,HUANUCO,GOBIERNOS LOCALES,16292908,3854140,1170775552,797493753,451744,917192,100492,24380
2020,HUANUCO,GOBIERNOS REGIONALES,8000201,6453606,1518427462,1417127654,451744,917192,2096620,1984039
2020,HUANUCO,TRES NIVELES DE GOBIERNO,24293109,10307746,4401985020,3850973596,451744,917192,5206816,5013546
2020,ICA,GOBIERNO NACIONAL,119258563,59494914,1606215384,1478593650,606554,825976,0,0
2020,ICA,GOBIERNOS LOCALES,51036431,16836747,996921730,594416293,606554,825976,5195,0
2020,ICA,GOBIERNOS REGIONALES,262071359,32773669,1444815162,1164390916,606554,825976,74723,0
2020,ICA,TRES NIVELES DE GOBIERNO,430380926,109105328,4047952276,3237400859,606554,825976,79918,0
2020,JUNIN,GOBIERNO NACIONAL,0,0,2377445801,2262613475,839976,1400043,0,0
2020,JUNIN,GOBIERNOS LOCALES,10311579,6056056,1605843229,1028893713,839976,1400043,704477,641812
2020,JUNIN,GOBIERNOS REGIONALES,0,0,2190851585,2078082754,839976,1400043,0,0
2020,JUNIN,TRES NIVELES DE GOBIERNO,10311579,6056057,6174140615,5369589942,839976,1400043,704477,641812
2020,LA LIBERTAD,GOBIERNO NACIONAL,387686625,125772749,3081198881,2693976467,1307923,1990361,0,0
2020,LA LIBERTAD,GOBIERNOS LOCALES,845071884,384662316,2840850490,1647756785,1307923,1990361,1025882,806085
2020,LA LIBERTAD,GOBIERNOS REGIONALES,77290531,36917956,2401158503,2177858724,1307923,1990361,0,0
2020,LA LIBERTAD,TRES NIVELES DE GOBIERNO,1268020243,547353009,8323207874,6519591976,1307923,1990361,1025882,806085
2020,LAMBAYEQUE,GOBIERNO NACIONAL,494651391,299035016,2389359885,2095093342,841252,1311219,0,0
2020,LAMBAYEQUE,GOBIERNOS LOCALES,313099586,119522962,1121723617,608952357,841252,1311219,0,0
2020,LAMBAYEQUE,GOBIERNOS REGIONALES,55148659,24128382,1565633553,1454828556,841252,1311219,0,0
2020,LAMBAYEQUE,TRES NIVELES DE GOBIERNO,831906334,438893129,5076717055,4158874255,841252,1311219,0,0
2020,LIMA,GOBIERNO NACIONAL,339499339,134888197,86125332239,76464085363,7455078,10624449,24500,23127
2020,LIMA,GOBIERNOS LOCALES,184917742,116836274,7790234378,5684582899,7455078,10624449,548140,273489
2020,LIMA,GOBIERNOS REGIONALES,86297201,52951831,1690297340,1535484394,7455078,10624449,0,0
2020,LIMA,TRES NIVELES DE GOBIERNO,610714282,304676298,95605863957,83684152656,7455078,10624449,572640,296616
2020,LORETO,GOBIERNO NACIONAL,1725881,0,2071638628,1912801807,579123,1088076,7814847,7814843
2020,LORETO,GOBIERNOS LOCALES,21234701,15226785,1133294404,834787194,579123,1088076,8825,0
2020,LORETO,GOBIERNOS REGIONALES,354750,300626,2393329024,2103454072,579123,1088076,30152126,24261960
2020,LORETO,TRES NIVELES DE GOBIERNO,23315332,15527412,5598262056,4851043073,579123,1088076,37975798,32076803
2020,MADRE DE DIOS,GOBIERNO NACIONAL,4701,1419,742669736,717448651,118956,153674,0,0
2020,MADRE DE DIOS,GOBIERNOS LOCALES,0,0,218107289,131756599,118956,153674,32967,19000
2020,MADRE DE DIOS,GOBIERNOS REGIONALES,0,0,435480788,402622456,118956,153674,0,0
2020,MADRE DE DIOS,TRES NIVELES DE GOBIERNO,4701,1419,1396257813,1251827706,118956,153674,32967,19000
2020,MOQUEGUA,GOBIERNO NACIONAL,0,0,558594666,535343820,133685,189910,0,0
2020,MOQUEGUA,GOBIERNOS LOCALES,21830461,6912801,604805255,335564627,133685,189910,46264,39732
2020,MOQUEGUA,GOBIERNOS REGIONALES,6385841,5466989,643022561,591905101,133685,189910,0,0
2020,MOQUEGUA,TRES NIVELES DE GOBIERNO,28216302,12379789,1806422482,1462813548,133685,189910,46264,39732
2020,NACIONAL,GOBIERNO NACIONAL,3110720771,1175893636,1.33021E+11,1.18735E+11,21274776,32932561,16669001,16649155
2020,NACIONAL,GOBIERNOS LOCALES,3289875369,1557776325,42744541294,27159072567,21274776,32932561,39900755,31783450
2020,NACIONAL,GOBIERNOS REGIONALES,1606489188,674528932,41537539796,37053843442,21274776,32932561,79455376,64806588
2020,NACIONAL,TRES NIVELES DE GOBIERNO,8007085328,3408198897,2.17303E+11,1.82948E+11,21274776,32932561,136025132,113239195
2020,PASCO,GOBIERNO NACIONAL,0,0,730150712,637343460,169519,315073,0,0
2020,PASCO,GOBIERNOS LOCALES,2208726,1715628,523126731,336754470,169519,315073,95948,82173
2020,PASCO,GOBIERNOS REGIONALES,12568248,11075021,720568993,647442686,169519,315073,0,0
2020,PASCO,TRES NIVELES DE GOBIERNO,14776974,12790648,1973846436,1621540616,169519,315073,95948,82173
2020,PIURA,GOBIERNO NACIONAL,947211251,297981499,3869647558,3157235195,1314938,1917139,0,0
2020,PIURA,GOBIERNOS LOCALES,960993417,494116001,2966165790,1789023266,1314938,1917139,1897878,842146
2020,PIURA,GOBIERNOS REGIONALES,881117082,431544818,3324602998,2683001418,1314938,1917139,2934046,2934045
2020,PIURA,TRES NIVELES DE GOBIERNO,2714242898,1223642309,10160416346,7629259879,1314938,1917139,4831924,3776190
2020,PROVINCIA CONSTITUCIONAL DEL CALLAO,GOBIERNO NACIONAL,0,0,3442735190,3259177842,0,0,0,0
2020,PROVINCIA CONSTITUCIONAL DEL CALLAO,GOBIERNOS LOCALES,0,0,925233415,626559968,0,0,0,0
2020,PROVINCIA CONSTITUCIONAL DEL CALLAO,GOBIERNOS REGIONALES,0,0,1326542055,1143836040,0,0,0,0
2020,PROVINCIA CONSTITUCIONAL DEL CALLAO,TRES NIVELES DE GOBIERNO,0,0,5694510660,5029573850,0,0,0,0
2020,PUNO,GOBIERNO NACIONAL,251320,174800,2796430102,2623048432,776398,1486225,0,0
2020,PUNO,GOBIERNOS LOCALES,733153,289586,1736127965,1131694295,776398,1486225,156000,155605
2020,PUNO,GOBIERNOS REGIONALES,0,0,2226737943,2147468326,776398,1486225,0,0
2020,PUNO,TRES NIVELES DE GOBIERNO,984473,464386,6759296010,5902211053,776398,1486225,156000,155605
2020,SAN MARTIN,GOBIERNO NACIONAL,0,0,1472497978,1423035474,550312,896452,0,0
2020,SAN MARTIN,GOBIERNOS LOCALES,33860435,20503682,1290729559,828098461,550312,896452,92112,92111
2020,SAN MARTIN,GOBIERNOS REGIONALES,7508892,5728524,1602297318,1522956818,550312,896452,3117636,3111445
2020,SAN MARTIN,TRES NIVELES DE GOBIERNO,41369327,26232207,4365524855,3774090753,550312,896452,3209748,3203556
2020,TACNA,GOBIERNO NACIONAL,0,0,790164760,731106026,263372,362641,0,0
2020,TACNA,GOBIERNOS LOCALES,20527357,216160,689478411,449552341,263372,362641,0,0
2020,TACNA,GOBIERNOS REGIONALES,0,0,821829446,772137676,263372,362641,0,0
2020,TACNA,TRES NIVELES DE GOBIERNO,20527357,216160,2301472617,1952796043,263372,362641,0,0
2020,TUMBES,GOBIERNO NACIONAL,283655629,65637490,762923050,600352503,166252,251878,0,0
2020,TUMBES,GOBIERNOS LOCALES,65301889,28938149,371919759,218608913,166252,251878,30000,0
2020,TUMBES,GOBIERNOS REGIONALES,66815715,3151417,620346000,498886505,166252,251878,311405,289795
2020,TUMBES,TRES NIVELES DE GOBIERNO,307875195,97727049,1755188809,1317847921,166252,251878,341405,289795
2020,UCAYALI,GOBIERNO NACIONAL,0,0,922451099,867362441,358578,524376,0,0
2020,UCAYALI,GOBIERNOS LOCALES,5621322,1914597,597537087,410852132,358578,524376,1732366,1210382
2020,UCAYALI,GOBIERNOS REGIONALES,0,0,1150436628,1071675906,358578,524376,0,0
2020,UCAYALI,TRES NIVELES DE GOBIERNO,5621322,1914597,2670424814,2349890479,358578,524376,1732366,1210382
