PERIODO,DEPARTAMENTO_META_NOMBRE,TIPO_GOBIERNO_NOMBRE,Electores,Poblacion,PIMCC,DevengadoCC,MARCO_PRESUPUESTAL,FONDES_DEVENGADO,MONTO_PIM,MONTO_DEVENGADO,indicador_cc,indicador_fondes
2015,AMAZONAS,GOBIERNO NACIONAL,228936,422629,0,0,0,0,356715282,341393095,0,0
2015,AMAZONAS,GOBIERNOS LOCALES,228936,422629,1059822,558561,0,0,333176907,227791127,0.003180959,0
2015,AMAZONAS,GOBIERNO REGIONAL,228936,422629,10954817,8416612,0,0,202960280,166339111,0.053975177,0
2015,AMAZONAS,TRES NIVELES DE GOBIERNO,228936,422629,12014639,8975173,0,0,892852469,735523333,0.013456466,0
2015,ANCASH,GOBIERNO NACIONAL,661380,1148634,5475838,5432688,0,0,310864153,204035672,0.01761489,0
2015,ANCASH,GOBIERNOS LOCALES,661380,1148634,20601707,10217027,0,0,732603282,425839885,0.028121232,0
2015,ANCASH,GOBIERNO REGIONAL,661380,1148634,5097026,0,0,0,198847827,49365546,0.025632797,0
2015,ANCASH,TRES NIVELES DE GOBIERNO,661380,1148634,31174571,15649715,0,0,1242315262,679241103,0.025093929,0
2015,APURIMAC,GOBIERNO NACIONAL,242965,458830,0,0,0,0,285978405,245439799,0,0
2015,APURIMAC,GOBIERNOS LOCALES,242965,458830,11407302,2596954,0,0,749939737,288954231,0.015210958,0
2015,APURIMAC,GOBIERNO REGIONAL,242965,458830,64977212,64445362,0,0,281882101,232279263,0.230512018,0
2015,APURIMAC,TRES NIVELES DE GOBIERNO,242965,458830,76384514,67042316,0,0,1317800243,766673293,0.057963651,0
2015,AREQUIPA,GOBIERNO NACIONAL,850913,1287205,0,0,0,0,441067814,398115058,0,0
2015,AREQUIPA,GOBIERNOS LOCALES,850913,1287205,17053807,4458292,0,0,995667879,512577690,0.017128008,0
2015,AREQUIPA,GOBIERNO REGIONAL,850913,1287205,0,0,0,0,427091997,260342002,0,0
2015,AREQUIPA,TRES NIVELES DE GOBIERNO,850913,1287205,17053807,4458292,0,0,1863827690,1171034750,0.009149884,0
2015,AYACUCHO,GOBIERNO NACIONAL,364963,688657,0,0,0,0,622178227,548419298,0,0
2015,AYACUCHO,GOBIERNOS LOCALES,364963,688657,23539760,14457982,0,0,749174181,532950809,0.031420944,0
2015,AYACUCHO,GOBIERNO REGIONAL,364963,688657,5244084,4495529,0,0,476648674,405176953,0.01100199,0
2015,AYACUCHO,TRES NIVELES DE GOBIERNO,364963,688657,28783844,18953511,0,0,1848001082,1486547060,0.015575664,0
2015,CAJAMARCA,GOBIERNO NACIONAL,807357,1529755,1697921,1645666,0,0,853750140,763000166,0.00198878,0
2015,CAJAMARCA,GOBIERNOS LOCALES,807357,1529755,42836816,16023059,0,0,1035813209,634860172,0.041355734,0
2015,CAJAMARCA,GOBIERNO REGIONAL,807357,1529755,2751081,2247326,0,0,251720851,151759336,0.010929095,0
2015,CAJAMARCA,TRES NIVELES DE GOBIERNO,807357,1529755,47285818,19916052,0,0,2141284200,1549619674,0.022082925,0
2015,CUSCO,GOBIERNO NACIONAL,756348,1316729,603398,603397,0,0,1099640843,1015690613,0.000548723,0
2015,CUSCO,GOBIERNOS LOCALES,756348,1316729,55868261,48455296,0,0,1811381137,1478619954,0.030842908,0
2015,CUSCO,GOBIERNO REGIONAL,756348,1316729,5893238,5838026,0,0,533010683,429793964,0.01105651,0
2015,CUSCO,TRES NIVELES DE GOBIERNO,756348,1316729,62364897,54896719,0,0,3444032663,2924104531,0.018108103,0
2015,HUANCAVELICA,GOBIERNO NACIONAL,205637,494963,0,0,0,0,510338198,459546277,0,0
2015,HUANCAVELICA,GOBIERNOS LOCALES,205637,494963,2792224,2458460,0,0,465348136,346363186,0.006000291,0
2015,HUANCAVELICA,GOBIERNO REGIONAL,205637,494963,6305682,6204268,0,0,224154972,186529656,0.028130904,0
2015,HUANCAVELICA,TRES NIVELES DE GOBIERNO,205637,494963,9097906,8662727,0,0,1199841306,992439119,0.007582591,0
2015,HUANUCO,GOBIERNO NACIONAL,427449,860537,4102962,4079349,0,0,267277312,229655632,0.015350955,0
2015,HUANUCO,GOBIERNOS LOCALES,427449,860537,10324629,7573524,0,0,595647674,366136337,0.01733345,0
2015,HUANUCO,GOBIERNO REGIONAL,427449,860537,8010589,8007174,0,0,236146611,218625287,0.0339221,0
2015,HUANUCO,TRES NIVELES DE GOBIERNO,427449,860537,22438180,19660047,0,0,1099071597,814417256,0.020415576,0
2015,ICA,GOBIERNO NACIONAL,507681,787170,0,0,0,0,91373518,71857468,0,0
2015,ICA,GOBIERNOS LOCALES,507681,787170,15422096,8520175,0,0,449701525,285497352,0.034294071,0
2015,ICA,GOBIERNO REGIONAL,507681,787170,0,0,0,0,110254960,93028840,0,0
2015,ICA,TRES NIVELES DE GOBIERNO,507681,787170,15422096,8520175,0,0,651330003,450383660,0.023677853,0
2015,JUNIN,GOBIERNO NACIONAL,773922,1350783,0,0,0,0,257864614,206777551,0,0
2015,JUNIN,GOBIERNOS LOCALES,773922,1350783,17307589,3696796,0,0,690490708,421617180,0.025065636,0
2015,JUNIN,GOBIERNO REGIONAL,773922,1350783,407577,357381,0,0,326368694,279574174,0.001248824,0
2015,JUNIN,TRES NIVELES DE GOBIERNO,773922,1350783,17715166,4054177,0,0,1274724016,907968905,0.013897256,0
2015,LA LIBERTAD,GOBIERNO NACIONAL,1100416,1859640,0,0,0,0,318827934,289174736,0,0
2015,LA LIBERTAD,GOBIERNOS LOCALES,1100416,1859640,5205846,3231401,0,0,920287053,564792187,0.005656763,0
2015,LA LIBERTAD,GOBIERNO REGIONAL,1100416,1859640,0,0,0,0,632180628,555634833,0,0
2015,LA LIBERTAD,TRES NIVELES DE GOBIERNO,1100416,1859640,5205846,3231401,0,0,1871295615,1409601756,0.002781947,0
2015,LAMBAYEQUE,GOBIERNO NACIONAL,732843,1260650,0,0,0,0,141239255,102937707,0,0
2015,LAMBAYEQUE,GOBIERNOS LOCALES,732843,1260650,11289619,9846163,0,0,467837480,264614177,0.024131498,0
2015,LAMBAYEQUE,GOBIERNO REGIONAL,732843,1260650,0,0,0,0,375462889,290365619,0,0
2015,LAMBAYEQUE,TRES NIVELES DE GOBIERNO,732843,1260650,11289619,9846163,0,0,984539624,657917503,0.011466902,0
2015,LIMA,GOBIERNO NACIONAL,6333911,9838251,3345096,3345096,0,0,5743241013,5232357064,0.00058244,0
2015,LIMA,GOBIERNOS LOCALES,6333911,9838251,12565159,10692689,0,0,1675002152,1050987143,0.007501578,0
2015,LIMA,GOBIERNO REGIONAL,6333911,9838251,470971,470927,0,0,234410954,197557110,0.002009168,0
2015,LIMA,TRES NIVELES DE GOBIERNO,6333911,9838251,16381226,14508712,0,0,7652654119,6480901317,0.002140594,0
2015,LORETO,GOBIERNO NACIONAL,511703,1039372,0,0,0,0,208734700,156784104,0,0
2015,LORETO,GOBIERNOS LOCALES,511703,1039372,4264336,2941772,0,0,365620264,274195780,0.011663292,0
2015,LORETO,GOBIERNO REGIONAL,511703,1039372,2213019,0,0,0,187421714,175160182,0.011807698,0
2015,LORETO,TRES NIVELES DE GOBIERNO,511703,1039372,6477355,2941772,0,0,761776678,606140066,0.008502958,0
2015,MADRE DE DIOS,GOBIERNO NACIONAL,93243,137316,0,0,0,0,265034313,245099246,0,0
2015,MADRE DE DIOS,GOBIERNOS LOCALES,93243,137316,24856,19655,0,0,43286441,33072711,0.000574221,0
2015,MADRE DE DIOS,GOBIERNO REGIONAL,93243,137316,2640444,2543999,0,0,140627124,109215043,0.018776207,0
2015,MADRE DE DIOS,TRES NIVELES DE GOBIERNO,93243,137316,2665300,2563655,0,0,448947878,387387000,0.005936769,0
2015,MOQUEGUA,GOBIERNO NACIONAL,119686,180477,0,0,0,0,80817079,35045060,0,0
2015,MOQUEGUA,GOBIERNOS LOCALES,119686,180477,2098156,1362120,0,0,312773731,188713976,0.006708223,0
2015,MOQUEGUA,GOBIERNO REGIONAL,119686,180477,241462,208426,0,0,156543635,135427256,0.001542458,0
2015,MOQUEGUA,TRES NIVELES DE GOBIERNO,119686,180477,2339618,1570546,0,0,550134445,359186292,0.004252811,0
2015,NACIONAL,GOBIERNO NACIONAL,18549934,31151643,15272415,15153396,0,0,16227464838,14631175748,0.000941146,0
2015,NACIONAL,GOBIERNOS LOCALES,18549934,31151643,296258260,178127436,0,0,15877986847,10286628607,0.018658427,0
2015,NACIONAL,GOBIERNO REGIONAL,18549934,31151643,130230259,116916092,0,0,6963098068,5550451525,0.018702919,0
2015,NACIONAL,TRES NIVELES DE GOBIERNO,18549934,31151643,441760934,310196927,0,0,39068549753,30468255885,0.011307329,0
2015,PASCO,GOBIERNO NACIONAL,161868,304158,0,0,0,0,183646858,172289935,0,0
2015,PASCO,GOBIERNOS LOCALES,161868,304158,10415837,8385501,0,0,249444196,167351688,0.041756181,0
2015,PASCO,GOBIERNO REGIONAL,161868,304158,9218628,9084565,0,0,211884649,172137550,0.043507767,0
2015,PASCO,TRES NIVELES DE GOBIERNO,161868,304158,19634465,17470066,0,0,644975703,511779173,0.030442178,0
2015,PIURA,GOBIERNO NACIONAL,1128746,1844129,47200,47200,0,0,684177301,642567841,6.90E-05,0
2015,PIURA,GOBIERNOS LOCALES,1128746,1844129,9266362,4105907,0,0,967698966,717809736,0.009575666,0
2015,PIURA,GOBIERNO REGIONAL,1128746,1844129,163077,88636,0,0,315904308,268276273,0.000516223,0
2015,PIURA,TRES NIVELES DE GOBIERNO,1128746,1844129,9476639,4241743,0,0,1967780575,1628653850,0.004815902,0
2015,CALLAO,GOBIERNO NACIONAL,648367,1010315,0,0,0,0,2249658780,2204877859,0,0
2015,CALLAO,GOBIERNOS LOCALES,648367,1010315,0,0,0,0,99394864,76978949,0,0
2015,CALLAO,GOBIERNO REGIONAL,648367,1010315,0,0,0,0,169383787,131696291,0,0
2015,CALLAO,TRES NIVELES DE GOBIERNO,648367,1010315,0,0,0,0,2518437431,2413553099,0,0
2015,PUNO,GOBIERNO NACIONAL,750285,1415608,0,0,0,0,651263232,558376808,0,0
2015,PUNO,GOBIERNOS LOCALES,750285,1415608,5683715,2202872,0,0,989336621,557514217,0.005744976,0
2015,PUNO,GOBIERNO REGIONAL,750285,1415608,2276606,2276603,0,0,233053728,179806092,0.009768589,0
2015,PUNO,TRES NIVELES DE GOBIERNO,750285,1415608,7960321,4479475,0,0,1873653581,1295697117,0.004248555,0
2015,SAN MARTIN,GOBIERNO NACIONAL,481748,840790,0,0,0,0,187889318,155781020,0,0
2015,SAN MARTIN,GOBIERNOS LOCALES,481748,840790,11124511,10744854,0,0,469516603,326894559,0.023693541,0
2015,SAN MARTIN,GOBIERNO REGIONAL,481748,840790,3035124,1937841,0,0,665581804,599241513,0.004560107,0
2015,SAN MARTIN,TRES NIVELES DE GOBIERNO,481748,840790,14159635,12682696,0,0,1322987725,1081917092,0.010702771,0
2015,TACNA,GOBIERNO NACIONAL,223313,341838,0,0,0,0,51462886,33553839,0,0
2015,TACNA,GOBIERNOS LOCALES,223313,341838,5219052,4963656,0,0,310037088,242889193,0.016833638,0
2015,TACNA,GOBIERNO REGIONAL,223313,341838,0,0,0,0,92580654,70572988,0,0
2015,TACNA,TRES NIVELES DE GOBIERNO,223313,341838,5219052,4963656,0,0,454080628,347016020,0.011493668,0
2015,TUMBES,GOBIERNO NACIONAL,143767,237685,0,0,0,0,82324840,60295946,0,0
2015,TUMBES,GOBIERNOS LOCALES,143767,237685,685406,589686,0,0,167680477,124289712,0.004087572,0
2015,TUMBES,GOBIERNO REGIONAL,143767,237685,329622,293417,0,0,82733322,44671609,0.00398415,0
2015,TUMBES,TRES NIVELES DE GOBIERNO,143767,237685,1015028,883104,0,0,332738639,229257267,0.003050526,0
2015,UCAYALI,GOBIERNO NACIONAL,292487,495522,0,0,0,0,276818687,252825679,0,0
2015,UCAYALI,GOBIERNOS LOCALES,292487,495522,201392,25034,0,0,231126536,175316674,0.00087135,0
2015,UCAYALI,GOBIERNO REGIONAL,292487,495522,0,0,0,0,194553084,146712850,0,0
2015,UCAYALI,TRES NIVELES DE GOBIERNO,292487,495522,201392,25034,0,0,702498307,574855203,0.00028668,0
2016,AMAZONAS,GOBIERNO NACIONAL,232278,423898,19110,5919,0,0,364449514,285503261,5.24E-05,0
2016,AMAZONAS,GOBIERNOS LOCALES,232278,423898,3949031,2875024,0,0,328115749,219338150,0.012035481,0
2016,AMAZONAS,GOBIERNO REGIONAL,232278,423898,8733077,8093099,0,0,240859631,173227726,0.036257952,0
2016,AMAZONAS,TRES NIVELES DE GOBIERNO,232278,423898,12701218,10974041,0,0,933424894,678069137,0.013607113,0
2016,ANCASH,GOBIERNO NACIONAL,676037,1154639,5358697,4930559,0,0,246615505,115397007,0.021728954,0
2016,ANCASH,GOBIERNOS LOCALES,676037,1154639,31291970,18910627,0,0,873602198,536062763,0.035819473,0
2016,ANCASH,GOBIERNO REGIONAL,676037,1154639,6328136,3303304,0,0,206609319,54698683,0.030628512,0
2016,ANCASH,TRES NIVELES DE GOBIERNO,676037,1154639,42978803,27144491,0,0,1326827022,706158453,0.032392167,0
2016,APURIMAC,GOBIERNO NACIONAL,245364,460868,0,0,0,0,237600276,161101643,0,0
2016,APURIMAC,GOBIERNOS LOCALES,245364,460868,32123471,18681152,0,0,974865354,570567135,0.0329517,0
2016,APURIMAC,GOBIERNO REGIONAL,245364,460868,38692447,38137233,0,0,229114720,156637700,0.168878049,0
2016,APURIMAC,TRES NIVELES DE GOBIERNO,245364,460868,70815918,56818386,0,0,1441580350,888306478,0.049123809,0
2016,AREQUIPA,GOBIERNO NACIONAL,878878,1301298,0,0,0,0,377705625,238774952,0,0
2016,AREQUIPA,GOBIERNOS LOCALES,878878,1301298,21265078,8681053,0,0,1063534573,622276085,0.019994722,0
2016,AREQUIPA,GOBIERNO REGIONAL,878878,1301298,0,0,0,0,567981002,373840425,0,0
2016,AREQUIPA,TRES NIVELES DE GOBIERNO,878878,1301298,21265078,8681053,0,0,2009221200,1234891462,0.010583742,0
2016,AYACUCHO,GOBIERNO NACIONAL,370683,696152,0,0,0,0,377402007,277671956,0,0
2016,AYACUCHO,GOBIERNOS LOCALES,370683,696152,44568296,34839356,0,0,834206455,520223360,0.053425978,0
2016,AYACUCHO,GOBIERNO REGIONAL,370683,696152,14238996,6163049,0,0,367847580,270392968,0.038708957,0
2016,AYACUCHO,TRES NIVELES DE GOBIERNO,370683,696152,58807292,41002405,0,0,1579456042,1068288284,0.037232623,0
2016,CAJAMARCA,GOBIERNO NACIONAL,817826,1533783,398700,398694,0,0,622856383,405775223,0.000640115,0
2016,CAJAMARCA,GOBIERNOS LOCALES,817826,1533783,63428899,48456231,0,0,1267362023,787486468,0.050047972,0
2016,CAJAMARCA,GOBIERNO REGIONAL,817826,1533783,2298135,1376131,0,0,306204250,150003396,0.007505235,0
2016,CAJAMARCA,TRES NIVELES DE GOBIERNO,817826,1533783,66125734,50231057,0,0,2196422656,1343265087,0.030106106,0
2016,CUSCO,GOBIERNO NACIONAL,773014,1324371,10277,10277,0,0,799748056,574784845,1.29E-05,0
2016,CUSCO,GOBIERNOS LOCALES,773014,1324371,53165884,46279628,0,0,1723586603,1397735060,0.030846076,0
2016,CUSCO,GOBIERNO REGIONAL,773014,1324371,5750149,5304732,0,0,632474491,421559599,0.009091511,0
2016,CUSCO,TRES NIVELES DE GOBIERNO,773014,1324371,58926310,51594636,0,0,3155809150,2394079504,0.01867233,0
2016,HUANCAVELICA,GOBIERNO NACIONAL,204276,498556,0,0,0,0,423940282,385944397,0,0
2016,HUANCAVELICA,GOBIERNOS LOCALES,204276,498556,12019004,5731299,0,0,581634664,384817658,0.020664181,0
2016,HUANCAVELICA,GOBIERNO REGIONAL,204276,498556,3846755,3676466,0,0,199772391,160966725,0.019255689,0
2016,HUANCAVELICA,TRES NIVELES DE GOBIERNO,204276,498556,15865759,9407765,0,0,1205347337,931728780,0.013162811,0
2016,HUANUCO,GOBIERNO NACIONAL,431645,866631,0,0,0,0,325996813,247553966,0,0
2016,HUANUCO,GOBIERNOS LOCALES,431645,866631,19074947,13937774,0,0,713216340,470602210,0.026744966,0
2016,HUANUCO,GOBIERNO REGIONAL,431645,866631,7712515,6995767,0,0,222468813,199654162,0.034667848,0
2016,HUANUCO,TRES NIVELES DE GOBIERNO,431645,866631,26787462,20933541,0,0,1261681966,917810338,0.021231549,0
2016,ICA,GOBIERNO NACIONAL,525605,794919,0,0,0,0,176681288,71053838,0,0
2016,ICA,GOBIERNOS LOCALES,525605,794919,14361840,9813158,0,0,416670524,252200885,0.034468097,0
2016,ICA,GOBIERNO REGIONAL,525605,794919,420454,307413,0,0,128624442,99205575,0.00326885,0
2016,ICA,TRES NIVELES DE GOBIERNO,525605,794919,14782294,10120571,0,0,721976254,422460298,0.020474765,0
2016,JUNIN,GOBIERNO NACIONAL,785493,1360506,0,0,0,0,392560053,234662739,0,0
2016,JUNIN,GOBIERNOS LOCALES,785493,1360506,44254784,25495207,0,0,788722868,486672218,0.056109422,0
2016,JUNIN,GOBIERNO REGIONAL,785493,1360506,0,0,0,0,419021898,280832010,0,0
2016,JUNIN,TRES NIVELES DE GOBIERNO,785493,1360506,44254784,25495207,0,0,1600304819,1002166967,0.027653972,0
2016,LA LIBERTAD,GOBIERNO NACIONAL,1136638,1882405,0,0,0,0,145605064,89090544,0,0
2016,LA LIBERTAD,GOBIERNOS LOCALES,1136638,1882405,16642305,13975822,0,0,1021902294,702736379,0.016285613,0
2016,LA LIBERTAD,GOBIERNO REGIONAL,1136638,1882405,0,0,0,0,668665921,540239000,0,0
2016,LA LIBERTAD,TRES NIVELES DE GOBIERNO,1136638,1882405,16642305,13975822,0,0,1836173279,1332065923,0.009063581,0
2016,LAMBAYEQUE,GOBIERNO NACIONAL,751693,1270794,0,0,0,0,348110460,100418045,0,0
2016,LAMBAYEQUE,GOBIERNOS LOCALES,751693,1270794,22353797,5904945,0,0,474691979,274325582,0.047091162,0
2016,LAMBAYEQUE,GOBIERNO REGIONAL,751693,1270794,0,0,0,0,342644343,276153957,0,0
2016,LAMBAYEQUE,TRES NIVELES DE GOBIERNO,751693,1270794,22353797,5904945,0,0,1165446782,650897584,0.019180453,0
2016,LIMA,GOBIERNO NACIONAL,6533063,9989369,3203646,1601710,0,0,5535346088,3963581562,0.000578762,0
2016,LIMA,GOBIERNOS LOCALES,6533063,9989369,11412766,5906801,0,0,1802017775,1038200801,0.006333326,0
2016,LIMA,GOBIERNO REGIONAL,6533063,9989369,1244222,431424,0,0,196589101,161456860,0.006329049,0
2016,LIMA,TRES NIVELES DE GOBIERNO,6533063,9989369,15860634,7939935,0,0,7533952964,5163239223,0.002105221,0
2016,LORETO,GOBIERNO NACIONAL,523205,1049364,199374,0,0,0,225815218,108255943,0.000882908,0
2016,LORETO,GOBIERNOS LOCALES,523205,1049364,10656035,9677465,0,0,502040587,320194044,0.021225445,0
2016,LORETO,GOBIERNO REGIONAL,523205,1049364,11500,11500,0,0,225728762,129479375,5.09E-05,0
2016,LORETO,TRES NIVELES DE GOBIERNO,523205,1049364,10866909,9688965,0,0,953584567,557929362,0.011395852,0
2016,MADRE DE DIOS,GOBIERNO NACIONAL,97938,140508,0,0,0,0,264754140,235431424,0,0
2016,MADRE DE DIOS,GOBIERNOS LOCALES,97938,140508,8029268,1473712,0,0,70950443,43507100,0.113167271,0
2016,MADRE DE DIOS,GOBIERNO REGIONAL,97938,140508,939292,934410,0,0,142178363,107700609,0.006606434,0
2016,MADRE DE DIOS,TRES NIVELES DE GOBIERNO,97938,140508,8968560,2408122,0,0,477882946,386639133,0.018767274,0
2016,MOQUEGUA,GOBIERNO NACIONAL,122115,182333,0,0,0,0,97215515,43590528,0,0
2016,MOQUEGUA,GOBIERNOS LOCALES,122115,182333,8756149,4687041,0,0,332635543,226546676,0.026323552,0
2016,MOQUEGUA,GOBIERNO REGIONAL,122115,182333,23734,22500,0,0,230390413,185283528,0.000103016,0
2016,MOQUEGUA,TRES NIVELES DE GOBIERNO,122115,182333,8779883,4709541,0,0,660241471,455420732,0.013297988,0
2016,NACIONAL,GOBIERNO NACIONAL,19030611,31488625,10689804,8446228,0,0,14693893684,10349631244,0.0007275,0
2016,NACIONAL,GOBIERNOS LOCALES,19030611,31488625,474899868,313445612,0,0,17531558748,11270005007,0.027088285,0
2016,NACIONAL,GOBIERNO REGIONAL,19030611,31488625,101051146,84264681,0,0,7616626073,5330758404,0.01326718,0
2016,NACIONAL,TRES NIVELES DE GOBIERNO,19030611,31488625,586640818,406156522,0,0,39842078505,26950394643,0.014724152,0
2016,PASCO,GOBIERNO NACIONAL,162935,306322,0,0,0,0,161973204,119847415,0,0
2016,PASCO,GOBIERNOS LOCALES,162935,306322,6981062,4816905,0,0,286131246,174877385,0.024398111,0
2016,PASCO,GOBIERNO REGIONAL,162935,306322,5410617,5247428,0,0,291667641,236016807,0.018550625,0
2016,PASCO,TRES NIVELES DE GOBIERNO,162935,306322,12391679,10064333,0,0,739772091,530741607,0.016750671,0
2016,PIURA,GOBIERNO NACIONAL,1162618,1858617,0,0,0,0,649922516,478078206,0,0
2016,PIURA,GOBIERNOS LOCALES,1162618,1858617,21410066,17119654,0,0,968091901,624895470,0.022115737,0
2016,PIURA,GOBIERNO REGIONAL,1162618,1858617,0,0,0,0,372211536,209902122,0,0
2016,PIURA,TRES NIVELES DE GOBIERNO,1162618,1858617,21410066,17119654,0,0,1990225953,1312875798,0.010757606,0
2016,CALLAO,GOBIERNO NACIONAL,648367,1010315,0,0,0,0,958056338,592262687,0,0
2016,CALLAO,GOBIERNOS LOCALES,648367,1010315,0,0,0,0,137932440,74397625,0,0
2016,CALLAO,GOBIERNO REGIONAL,648367,1010315,0,0,0,0,302837728,219659031,0,0
2016,CALLAO,TRES NIVELES DE GOBIERNO,648367,1010315,0,0,0,0,1398826506,886319343,0,0
2016,PUNO,GOBIERNO NACIONAL,754533,1429098,0,0,0,0,915196449,775786526,0,0
2016,PUNO,GOBIERNOS LOCALES,754533,1429098,12890224,6381240,0,0,1046873570,662661631,0.012313067,0
2016,PUNO,GOBIERNO REGIONAL,754533,1429098,2300000,2241699,0,0,232966362,155123198,0.00987267,0
2016,PUNO,TRES NIVELES DE GOBIERNO,754533,1429098,15190224,8622939,0,0,2195036381,1593571355,0.006920261,0
2016,SAN MARTIN,GOBIERNO NACIONAL,493843,851883,1500000,1499069,0,0,140270292,97629471,0.01069364,0
2016,SAN MARTIN,GOBIERNOS LOCALES,493843,851883,9000668,4615929,0,0,552709109,383717748,0.016284638,0
2016,SAN MARTIN,GOBIERNO REGIONAL,493843,851883,2787655,1724684,0,0,513464933,431232494,0.005429105,0
2016,SAN MARTIN,TRES NIVELES DE GOBIERNO,493843,851883,13288323,7839682,0,0,1206444334,912579713,0.011014452,0
2016,TACNA,GOBIERNO NACIONAL,230366,346013,0,0,0,0,364113544,328096604,0,0
2016,TACNA,GOBIERNOS LOCALES,230366,346013,4297082,4219473,0,0,287831456,220279645,0.01492916,0
2016,TACNA,GOBIERNO REGIONAL,230366,346013,18000,0,0,0,139881089,47753164,0.000128681,0
2016,TACNA,TRES NIVELES DE GOBIERNO,230366,346013,4315082,4219473,0,0,791826089,596129413,0.005449532,0
2016,TUMBES,GOBIERNO NACIONAL,147710,240590,0,0,0,0,88314861,41811938,0,0
2016,TUMBES,GOBIERNOS LOCALES,147710,240590,1854947,311761,0,0,176348922,89134377,0.010518618,0
2016,TUMBES,GOBIERNO REGIONAL,147710,240590,295462,293842,0,0,98414251,63604805,0.003002228,0
2016,TUMBES,TRES NIVELES DE GOBIERNO,147710,240590,2150409,605603,0,0,363078034,194551120,0.005922719,0
2016,UCAYALI,GOBIERNO NACIONAL,304186,501269,0,0,0,0,450671049,374553385,0,0
2016,UCAYALI,GOBIERNOS LOCALES,304186,501269,1112295,654355,0,0,305884132,186548562,0.003636328,0
2016,UCAYALI,GOBIERNO REGIONAL,304186,501269,0,0,0,0,338007093,226134497,0,0
2016,UCAYALI,TRES NIVELES DE GOBIERNO,304186,501269,1112295,654355,0,0,1094562274,787236444,0.001016201,0
2017,AMAZONAS,GOBIERNO NACIONAL,236607,424952,3522973,3315517,0,0,373027202,336965105,0.009444279,0
2017,AMAZONAS,GOBIERNOS LOCALES,236607,424952,14735048,14317716,0,0,428750697,245525630,0.034367403,0
2017,AMAZONAS,GOBIERNO REGIONAL,236607,424952,13847183,13482477,0,0,328184739,237167271,0.042193257,0
2017,AMAZONAS,TRES NIVELES DE GOBIERNO,236607,424952,32105204,31115710,0,0,1129962638,819658006,0.028412624,0
2017,ANCASH,GOBIERNO NACIONAL,694742,1160490,6573835,5886399,0,0,276341009,183065194,0.023788851,0
2017,ANCASH,GOBIERNOS LOCALES,694742,1160490,39058270,28289722,0,0,1158732243,652321146,0.033707761,0
2017,ANCASH,GOBIERNO REGIONAL,694742,1160490,3113323,1490299,0,0,253975127,106195639,0.012258378,0
2017,ANCASH,TRES NIVELES DE GOBIERNO,694742,1160490,48745428,35666420,0,0,1689048379,941581979,0.028859699,0
2017,APURIMAC,GOBIERNO NACIONAL,248674,462791,0,0,0,0,377566386,283702811,0,0
2017,APURIMAC,GOBIERNOS LOCALES,248674,462791,43386769,28091559,0,0,1034646155,556765073,0.04193392,0
2017,APURIMAC,GOBIERNO REGIONAL,248674,462791,35409746,23803270,0,0,240230337,162375972,0.147399144,0
2017,APURIMAC,TRES NIVELES DE GOBIERNO,248674,462791,78796515,51894829,0,0,1652442878,1002843856,0.047684865,0
2017,AREQUIPA,GOBIERNO NACIONAL,911876,1315528,0,0,0,0,367769253,311931053,0,0
2017,AREQUIPA,GOBIERNOS LOCALES,911876,1315528,48985072,32485041,0,0,1137137674,630330577,0.043077521,0
2017,AREQUIPA,GOBIERNO REGIONAL,911876,1315528,0,0,0,0,1008959281,667448469,0,0
2017,AREQUIPA,TRES NIVELES DE GOBIERNO,911876,1315528,48985072,32485041,0,0,2513866208,1609710099,0.01948595,0
2017,AYACUCHO,GOBIERNO NACIONAL,377531,703629,0,0,0,0,412140742,363136123,0,0
2017,AYACUCHO,GOBIERNOS LOCALES,377531,703629,56961693,40332875,0,0,1015043106,636887625,0.056117511,0
2017,AYACUCHO,GOBIERNO REGIONAL,377531,703629,12984460,12788951,0,0,396636413,245574128,0.03273643,0
2017,AYACUCHO,TRES NIVELES DE GOBIERNO,377531,703629,69946153,53121826,0,0,1823820261,1245597876,0.038351451,0
2017,CAJAMARCA,GOBIERNO NACIONAL,831125,1537172,540238,237000,0,0,395666035,314801382,0.001365389,0
2017,CAJAMARCA,GOBIERNOS LOCALES,831125,1537172,67864055,57876436,0,0,1411722048,953634833,0.048071825,0
2017,CAJAMARCA,GOBIERNO REGIONAL,831125,1537172,2350507,1559681,0,0,399065332,139073845,0.005890031,0
2017,CAJAMARCA,TRES NIVELES DE GOBIERNO,831125,1537172,70754800,59673118,0,0,2206453415,1407510060,0.032067208,0
2017,CUSCO,GOBIERNO NACIONAL,792537,1331758,0,0,0,0,534035536,481645878,0,0
2017,CUSCO,GOBIERNOS LOCALES,792537,1331758,64457626,43368433,0,0,1822191266,1268217111,0.035373688,0
2017,CUSCO,GOBIERNO REGIONAL,792537,1331758,2936628,2415242,0,0,481407244,325455081,0.006100091,0
2017,CUSCO,TRES NIVELES DE GOBIERNO,792537,1331758,67394254,45783675,0,0,2837634046,2075318070,0.023750157,0
2017,HUANCAVELICA,GOBIERNO NACIONAL,203693,502084,0,0,0,0,272773068,242925190,0,0
2017,HUANCAVELICA,GOBIERNOS LOCALES,203693,502084,26449333,18032710,0,0,700061388,476825797,0.037781448,0
2017,HUANCAVELICA,GOBIERNO REGIONAL,203693,502084,4476868,4279835,0,0,268569668,159808815,0.016669299,0
2017,HUANCAVELICA,TRES NIVELES DE GOBIERNO,203693,502084,30926201,22312544,0,0,1241404124,879559802,0.024912275,0
2017,HUANUCO,GOBIERNO NACIONAL,437020,872523,0,0,0,0,336236135,272303154,0,0
2017,HUANUCO,GOBIERNOS LOCALES,437020,872523,25374097,16772826,0,0,936234654,569707153,0.027102283,0
2017,HUANUCO,GOBIERNO REGIONAL,437020,872523,2765227,2743122,0,0,307017914,161373736,0.009006729,0
2017,HUANUCO,TRES NIVELES DE GOBIERNO,437020,872523,28139324,19515948,0,0,1579488703,1003384043,0.017815464,0
2017,ICA,GOBIERNO NACIONAL,545934,802610,0,0,0,0,111961534,60702767,0,0
2017,ICA,GOBIERNOS LOCALES,545934,802610,14585953,7258338,0,0,416424054,257983694,0.035026682,0
2017,ICA,GOBIERNO REGIONAL,545934,802610,0,0,0,0,122224843,88168675,0,0
2017,ICA,TRES NIVELES DE GOBIERNO,545934,802610,14585953,7258338,0,0,650610431,406855136,0.022418874,0
2017,JUNIN,GOBIERNO NACIONAL,799765,1370274,0,0,0,0,306115753,199772562,0,0
2017,JUNIN,GOBIERNOS LOCALES,799765,1370274,96601362,38451657,0,0,879426098,494125512,0.109845912,0
2017,JUNIN,GOBIERNO REGIONAL,799765,1370274,0,0,0,0,516416506,400054784,0,0
2017,JUNIN,TRES NIVELES DE GOBIERNO,799765,1370274,96601362,38451657,0,0,1701958357,1093952858,0.056758946,0
2017,LA LIBERTAD,GOBIERNO NACIONAL,1181594,1905301,0,0,0,0,250162151,169070792,0,0
2017,LA LIBERTAD,GOBIERNOS LOCALES,1181594,1905301,43907281,23279422,0,0,1212294818,797522063,0.036218319,0
2017,LA LIBERTAD,GOBIERNO REGIONAL,1181594,1905301,0,0,0,0,543618174,160279482,0,0
2017,LA LIBERTAD,TRES NIVELES DE GOBIERNO,1181594,1905301,43907281,23279422,0,0,2006075143,1126872337,0.021887157,0
2017,LAMBAYEQUE,GOBIERNO NACIONAL,775360,1280788,0,0,0,0,506654179,431432372,0,0
2017,LAMBAYEQUE,GOBIERNOS LOCALES,775360,1280788,27297714,10372997,0,0,515382213,254881603,0.052965961,0
2017,LAMBAYEQUE,GOBIERNO REGIONAL,775360,1280788,0,0,0,0,355482856,263037724,0,0
2017,LAMBAYEQUE,TRES NIVELES DE GOBIERNO,775360,1280788,27297714,10372997,0,0,1377519248,949351699,0.019816575,0
2017,LIMA,GOBIERNO NACIONAL,6773588,10143003,154874,0,0,0,4213773448,3371092367,3.68E-05,0
2017,LIMA,GOBIERNOS LOCALES,6773588,10143003,32037447,11972549,0,0,2494408564,1163151136,0.012843705,0
2017,LIMA,GOBIERNO REGIONAL,6773588,10143003,99383,91879,0,0,314015160,239708527,0.000316491,0
2017,LIMA,TRES NIVELES DE GOBIERNO,6773588,10143003,32291704,12064427,0,0,7022197172,4773952030,0.004598519,0
2017,LORETO,GOBIERNO NACIONAL,537582,1058946,2175465,2175458,0,0,466037950,217572501,0.004668,0
2017,LORETO,GOBIERNOS LOCALES,537582,1058946,31684310,12335554,0,0,505903676,311166814,0.062629136,0
2017,LORETO,GOBIERNO REGIONAL,537582,1058946,1091417,137100,0,0,397468675,301692316,0.00274592,0
2017,LORETO,TRES NIVELES DE GOBIERNO,537582,1058946,34951192,14648112,0,0,1369410301,830431631,0.025522805,0
2017,MADRE DE DIOS,GOBIERNO NACIONAL,103236,143687,999218,673936,0,0,274356272,256407770,0.003642045,0
2017,MADRE DE DIOS,GOBIERNOS LOCALES,103236,143687,8103425,3214662,0,0,78703229,40862716,0.102961786,0
2017,MADRE DE DIOS,GOBIERNO REGIONAL,103236,143687,163878,57360,0,0,126837454,111892907,0.001292032,0
2017,MADRE DE DIOS,TRES NIVELES DE GOBIERNO,103236,143687,9266521,3945957,0,0,479896955,409163393,0.019309397,0
2017,MOQUEGUA,GOBIERNO NACIONAL,125087,184187,0,0,0,0,113118761,103353057,0,0
2017,MOQUEGUA,GOBIERNOS LOCALES,125087,184187,7004438,4697142,0,0,251800371,165911208,0.027817425,0
2017,MOQUEGUA,GOBIERNO REGIONAL,125087,184187,0,0,0,0,317035003,264731673,0,0
2017,MOQUEGUA,TRES NIVELES DE GOBIERNO,125087,184187,7004438,4697142,0,0,681954135,533995938,0.010271128,0
2017,NACIONAL,GOBIERNO NACIONAL,19614428,31826018,43975000,14188418,0,0,13178094328,10621147986,0.003336977,0
2017,NACIONAL,GOBIERNOS LOCALES,19614428,31826018,794190969,481825507,0,0,20085710275,12066939204,0.039540099,0
2017,NACIONAL,GOBIERNO REGIONAL,19614428,31826018,89754260,72015630,0,0,8996727597,5619851245,0.009976323,0
2017,NACIONAL,TRES NIVELES DE GOBIERNO,19614428,31826018,927920229,568029552,0,0,42260532200,28307938426,0.021957135,0
2017,PASCO,GOBIERNO NACIONAL,164646,308465,0,0,0,0,145826778,122803108,0,0
2017,PASCO,GOBIERNOS LOCALES,164646,308465,11228668,9490311,0,0,304048070,180803633,0.036930568,0
2017,PASCO,GOBIERNO REGIONAL,164646,308465,4995469,4781255,0,0,325539725,199204643,0.01534519,0
2017,PASCO,TRES NIVELES DE GOBIERNO,164646,308465,16224137,14271566,0,0,775414573,502811384,0.020923178,0
2017,PIURA,GOBIERNO NACIONAL,1202226,1873024,28107505,0,0,0,457661561,350753660,0.061415481,0
2017,PIURA,GOBIERNOS LOCALES,1202226,1873024,20943583,15941952,0,0,1049703552,696710581,0.019951903,0
2017,PIURA,GOBIERNO REGIONAL,1202226,1873024,52166,0,0,0,717487577,252885251,7.27E-05,0
2017,PIURA,TRES NIVELES DE GOBIERNO,1202226,1873024,49103254,15941952,0,0,2224852690,1300349492,0.022070339,0
2017,CALLAO,GOBIERNO NACIONAL,648367,1010315,0,0,0,0,845283682,635945471,0,0
2017,CALLAO,GOBIERNOS LOCALES,648367,1010315,0,0,0,0,123928896,79528541,0,0
2017,CALLAO,GOBIERNO REGIONAL,648367,1010315,0,0,0,0,181766390,61659814,0,0
2017,CALLAO,TRES NIVELES DE GOBIERNO,648367,1010315,0,0,0,0,1150978968,777133826,0,0
2017,PUNO,GOBIERNO NACIONAL,760700,1442930,0,0,0,0,898093213,810507747,0,0
2017,PUNO,GOBIERNOS LOCALES,760700,1442930,33460859,23804655,0,0,1080752252,660054544,0.030960712,0
2017,PUNO,GOBIERNO REGIONAL,760700,1442930,3951536,3794466,0,0,385714465,247526177,0.010244718,0
2017,PUNO,TRES NIVELES DE GOBIERNO,760700,1442930,37412395,27599121,0,0,2364559930,1718088468,0.015822139,0
2017,SAN MARTIN,GOBIERNO NACIONAL,508093,862822,1900892,1900108,0,0,396431031,333611668,0.004795013,0
2017,SAN MARTIN,GOBIERNOS LOCALES,508093,862822,77352791,39384021,0,0,761801772,495737301,0.101539264,0
2017,SAN MARTIN,GOBIERNO REGIONAL,508093,862822,1498469,572693,0,0,404803458,349350816,0.00370172,0
2017,SAN MARTIN,TRES NIVELES DE GOBIERNO,508093,862822,80752152,41856821,0,0,1563036261,1178699785,0.051663646,0
2017,TACNA,GOBIERNO NACIONAL,238841,350105,0,0,0,0,381745429,342424190,0,0
2017,TACNA,GOBIERNOS LOCALES,238841,350105,277968,233343,0,0,293812692,210659157,0.000946072,0
2017,TACNA,GOBIERNO REGIONAL,238841,350105,18000,18000,0,0,204404469,138218534,8.81E-05,0
2017,TACNA,TRES NIVELES DE GOBIERNO,238841,350105,295968,251343,0,0,879962590,691301881,0.000336342,0
2017,TUMBES,GOBIERNO NACIONAL,152440,243362,0,0,0,0,129272635,97727293,0,0
2017,TUMBES,GOBIERNOS LOCALES,152440,243362,2074797,1463176,0,0,162922969,73421705,0.012734834,0
2017,TUMBES,GOBIERNO REGIONAL,152440,243362,0,0,0,0,87834282,62224257,0,0
2017,TUMBES,TRES NIVELES DE GOBIERNO,152440,243362,2074797,1463176,0,0,380029886,233373255,0.005459563,0
2017,UCAYALI,GOBIERNO NACIONAL,318185,506881,0,0,0,0,333616115,325319086,0,0
2017,UCAYALI,GOBIERNOS LOCALES,318185,506881,358410,358410,0,0,309877818,194204049,0.001156617,0
2017,UCAYALI,GOBIERNO REGIONAL,318185,506881,0,0,0,0,312032505,274742718,0,0
2017,UCAYALI,TRES NIVELES DE GOBIERNO,318185,506881,358410,358410,0,0,955526438,794265853,0.000375092,0
2018,AMAZONAS,GOBIERNO NACIONAL,241316,435422,3814528,2479583,0,0,416643485,362312394,0.009155377,0
2018,AMAZONAS,GOBIERNOS LOCALES,241316,435422,3090461,2970727,0,0,436444937,308638138,0.007080987,0
2018,AMAZONAS,GOBIERNO REGIONAL,241316,435422,6745087,6697569,0,0,411348826,268890998,0.016397487,0
2018,AMAZONAS,TRES NIVELES DE GOBIERNO,241316,435422,13650076,12147879,0,0,1264437248,939841530,0.010795376,0
2018,ANCASH,GOBIERNO NACIONAL,714607,1161356,4791399,3070797,135656587,30444079,400266768,203080352,0.011970514,0.338915438
2018,ANCASH,GOBIERNOS LOCALES,714607,1161356,24174187,11321568,69864319,21605490,1635307794,909896554,0.014782653,0.042722428
2018,ANCASH,GOBIERNO REGIONAL,714607,1161356,37339010,11732051,0,0,641994793,368202049,0.058160923,0
2018,ANCASH,TRES NIVELES DE GOBIERNO,714607,1161356,66304596,26124417,205520906,52049573,2677569355,1481178955,0.02476298,0.07675652
2018,APURIMAC,GOBIERNO NACIONAL,252314,453208,0,0,0,0,407047968,313280951,0,0
2018,APURIMAC,GOBIERNOS LOCALES,252314,453208,15632838,12522622,0,0,991717691,613760092,0.015763395,0
2018,APURIMAC,GOBIERNO REGIONAL,252314,453208,51944179,40019255,0,0,340405518,209077775,0.152594997,0
2018,APURIMAC,TRES NIVELES DE GOBIERNO,252314,453208,67577017,52541876,0,0,1739171177,1136118818,0.038855875,0
2018,AREQUIPA,GOBIERNO NACIONAL,946490,1346854,0,0,4374973,971316,367803120,315083220,0,0.011894877
2018,AREQUIPA,GOBIERNOS LOCALES,946490,1346854,51493306,29283838,3895863,1362592,1562948269,894195146,0.032946264,0.002492637
2018,AREQUIPA,GOBIERNO REGIONAL,946490,1346854,0,0,41402898,1003122,995116290,563074622,0,0.04160609
2018,AREQUIPA,TRES NIVELES DE GOBIERNO,946490,1346854,51493306,29283838,49673734,3337029,2925867679,1772352988,0.017599328,0.016977437
2018,AYACUCHO,GOBIERNO NACIONAL,384700,698045,0,0,271189,104869,376825516,275329492,0,0.000719667
2018,AYACUCHO,GOBIERNOS LOCALES,384700,698045,46801783,25468099,86365488,11430495,1057493289,643115949,0.044257286,0.08167001
2018,AYACUCHO,GOBIERNO REGIONAL,384700,698045,14888627,14169891,0,0,437819739,375842794,0.034006295,0
2018,AYACUCHO,TRES NIVELES DE GOBIERNO,384700,698045,61690410,39637990,86636677,11535364,1872138544,1294288235,0.03295184,0.046276851
2018,CAJAMARCA,GOBIERNO NACIONAL,845429,1543974,303238,234523,1675138,403007,509100459,417875713,0.000595635,0.003290388
2018,CAJAMARCA,GOBIERNOS LOCALES,845429,1543974,28507018,19077659,117336942,32588476,1264695834,777687820,0.022540612,0.092778784
2018,CAJAMARCA,GOBIERNO REGIONAL,845429,1543974,3147522,1164025,0,0,584170115,199382819,0.005388023,0
2018,CAJAMARCA,TRES NIVELES DE GOBIERNO,845429,1543974,31957778,20476207,119012080,32991484,2357966408,1394946352,0.01355311,0.050472339
2018,CUSCO,GOBIERNO NACIONAL,812933,1340567,0,0,513053,83675,906789596,781338874,0,0.000565791
2018,CUSCO,GOBIERNOS LOCALES,812933,1340567,62835421,42707333,12003299,3542497,2345762084,1771904975,0.026786783,0.005117015
2018,CUSCO,GOBIERNO REGIONAL,812933,1340567,6805835,5740807,30970757,25923020,843396005,447278310,0.00806956,0.036721489
2018,CUSCO,TRES NIVELES DE GOBIERNO,812933,1340567,69641256,48448141,43487109,29549195,4095947685,3000522159,0.017002477,0.010617106
2018,HUANCAVELICA,GOBIERNO NACIONAL,203451,477137,1642932,1626252,184216,104479,159806362,121852553,0.010280767,0.001152745
2018,HUANCAVELICA,GOBIERNOS LOCALES,203451,477137,19717806,12181045,12126507,1476592,603660462,445124429,0.032663736,0.020088291
2018,HUANCAVELICA,GOBIERNO REGIONAL,203451,477137,3831709,2821074,56359725,1160899,286570517,149687914,0.013370911,0.196669656
2018,HUANCAVELICA,TRES NIVELES DE GOBIERNO,203451,477137,25192447,16628371,68670448,2741969,1050037341,716664896,0.023991953,0.065398101
2018,HUANUCO,GOBIERNO NACIONAL,442730,862782,0,0,159965,47144,349239243,306348854,0,0.000458038
2018,HUANUCO,GOBIERNOS LOCALES,442730,862782,16298876,12403222,0,0,833950361,540895846,0.01954418,0
2018,HUANUCO,GOBIERNO REGIONAL,442730,862782,2588824,1144440,0,0,385151686,247001966,0.00672157,0
2018,HUANUCO,TRES NIVELES DE GOBIERNO,442730,862782,18887700,13547662,159965,47145,1568341290,1094246666,0.012043106,0.000101996
2018,ICA,GOBIERNO NACIONAL,567182,829753,0,0,26189079,134941,453208456,229895929,0,0.057785945
2018,ICA,GOBIERNOS LOCALES,567182,829753,12944951,8364220,49816703,7491426,501115339,294141132,0.025832279,0.099411651
2018,ICA,GOBIERNO REGIONAL,567182,829753,0,0,0,0,109836801,52159027,0,0
2018,ICA,TRES NIVELES DE GOBIERNO,567182,829753,12944951,8364220,76005782,7626368,1064160596,576196088,0.012164471,0.071423225
2018,JUNIN,GOBIERNO NACIONAL,814863,1347364,0,0,51349,14074,401092654,343584984,0,0.000128023
2018,JUNIN,GOBIERNOS LOCALES,814863,1347364,71933299,49373880,2986428,2717817,952758942,591174342,0.075499999,0.003134505
2018,JUNIN,GOBIERNO REGIONAL,814863,1347364,0,0,0,0,473204209,271323862,0,0
2018,JUNIN,TRES NIVELES DE GOBIERNO,814863,1347364,71933299,49373880,3037777,2731891,1827055805,1206083188,0.039371156,0.001662662
2018,LA LIBERTAD,GOBIERNO NACIONAL,1229196,1927650,2156344,92740,37461920,7793644,293767480,209926351,0.007340309,0.127522352
2018,LA LIBERTAD,GOBIERNOS LOCALES,1229196,1927650,65686420,30203303,321979409,48507789,1545773167,765642870,0.042494217,0.208296674
2018,LA LIBERTAD,GOBIERNO REGIONAL,1229196,1927650,0,0,25273643,599939,744108663,145433147,0,0.03396499
2018,LA LIBERTAD,TRES NIVELES DE GOBIERNO,1229196,1927650,67842764,30296043,384714972,56901371,2583649310,1121002368,0.026258503,0.148903712
2018,LAMBAYEQUE,GOBIERNO NACIONAL,800444,1309881,7950174,0,68485626,10859451,363691218,197043069,0.021859681,0.188307065
2018,LAMBAYEQUE,GOBIERNOS LOCALES,800444,1309881,9579576,7181522,87288999,30686128,515483646,310659560,0.018583666,0.169334177
2018,LAMBAYEQUE,GOBIERNO REGIONAL,800444,1309881,0,0,4765333,0,377725925,260449784,0,0.012615848
2018,LAMBAYEQUE,TRES NIVELES DE GOBIERNO,800444,1309881,17529750,7181522,160539958,41545578,1256900789,768152413,0.013946805,0.127726834
2018,LIMA,GOBIERNO NACIONAL,7026636,10280114,3387003,0,234280675,49983084,5528372858,4003369895,0.000612658,0.042377872
2018,LIMA,GOBIERNOS LOCALES,7026636,10280114,85122243,11578975,35340463,11334241,3620445548,2477727805,0.023511538,0.009761357
2018,LIMA,GOBIERNO REGIONAL,7026636,10280114,1923646,1764834,33795495,334713,476079828,178668012,0.004040595,0.070987034
2018,LIMA,TRES NIVELES DE GOBIERNO,7026636,10280114,90432892,13343809,303416633,61652038,9624898234,6659765712,0.009395724,0.031524139
2018,LORETO,GOBIERNO NACIONAL,552950,1092198,6455875,5034574,0,0,482725868,363701164,0.013373791,0
2018,LORETO,GOBIERNOS LOCALES,552950,1092198,51836733,47594461,5122640,3368868,524806510,349836849,0.098773037,0.009761007
2018,LORETO,GOBIERNO REGIONAL,552950,1092198,2205166,1809290,0,0,302547542,265236941,0.007288659,0
2018,LORETO,TRES NIVELES DE GOBIERNO,552950,1092198,60497774,54438325,5122640,3368868,1310079920,978774954,0.04617869,0.003910174
2018,MADRE DE DIOS,GOBIERNO NACIONAL,108758,152620,325283,325283,121688,26754,270603418,254305670,0.001202065,0.000449691
2018,MADRE DE DIOS,GOBIERNOS LOCALES,108758,152620,11734128,1263398,0,0,79387435,51879090,0.147808378,0
2018,MADRE DE DIOS,GOBIERNO REGIONAL,108758,152620,1172439,699664,0,0,185291911,132952162,0.006327524,0
2018,MADRE DE DIOS,TRES NIVELES DE GOBIERNO,108758,152620,13231850,2288345,121688,26755,535282764,439136922,0.024719365,0.000227334
2018,MOQUEGUA,GOBIERNO NACIONAL,128240,186995,0,0,0,0,130732331,122896424,0,0
2018,MOQUEGUA,GOBIERNOS LOCALES,128240,186995,2660944,2343046,0,0,289850836,190190277,0.009180391,0
2018,MOQUEGUA,GOBIERNO REGIONAL,128240,186995,0,0,0,0,214997591,138019737,0,0
2018,MOQUEGUA,TRES NIVELES DE GOBIERNO,128240,186995,2660944,2343046,0,0,635580758,451106438,0.004186634,0
2018,NACIONAL,GOBIERNO NACIONAL,20230391,32160192,90867076,33009377,678614028,179992564,15234622383,11562319801,0.005964511,0.044544197
2018,NACIONAL,GOBIERNOS LOCALES,20230391,32160192,776289743,391268622,1203629276,319842589,22902190701,14567059784,0.033895873,0.052555203
2018,NACIONAL,GOBIERNO REGIONAL,20230391,32160192,153038689,98656059,840303123,262639277,11197415099,6145839067,0.013667323,0.075044384
2018,NACIONAL,TRES NIVELES DE GOBIERNO,20230391,32160192,1020195508,522934059,2722546427,762474430,49334228183,32275218653,0.020679264,0.055185751
2018,PASCO,GOBIERNO NACIONAL,166595,305807,0,0,79006,0,194573705,168356306,0,0.000406047
2018,PASCO,GOBIERNOS LOCALES,166595,305807,4601319,2178362,0,0,281379703,150933989,0.016352704,0
2018,PASCO,GOBIERNO REGIONAL,166595,305807,7423459,6017418,0,0,385072740,186452083,0.019278069,0
2018,PASCO,TRES NIVELES DE GOBIERNO,166595,305807,12024778,8195780,79006,0,861026148,505742378,0.013965636,9.18E-05
2018,PIURA,GOBIERNO NACIONAL,1243513,1898227,56540062,16751292,150419676,71266652,758798669,556458783,0.0745126,0.198233974
2018,PIURA,GOBIERNOS LOCALES,1243513,1898227,25224747,9659507,357275418,130817157,1291782046,751712051,0.019527092,0.276575618
2018,PIURA,GOBIERNO REGIONAL,1243513,1898227,653193,590966,641022244,229505417,1253398455,678357334,0.000521138,0.511427345
2018,PIURA,TRES NIVELES DE GOBIERNO,1243513,1898227,82418002,27001765,1148717338,431589221,3303979170,1986528168,0.024945073,0.347676931
2018,CALLAO,GOBIERNO NACIONAL,648367,1010315,0,0,8840000,7329960,634047422,440256691,0,0.013942175
2018,CALLAO,GOBIERNOS LOCALES,648367,1010315,0,0,0,0,121142767,92403964,0,0
2018,CALLAO,GOBIERNO REGIONAL,648367,1010315,0,0,0,0,177456924,48345872,0,0
2018,CALLAO,TRES NIVELES DE GOBIERNO,648367,1010315,0,0,8840000,7329960,932647113,581006527,0,0.009478397
2018,PUNO,GOBIERNO NACIONAL,767357,1403301,0,0,240399,0,953595891,873941242,0,0.000252097
2018,PUNO,GOBIERNOS LOCALES,767357,1403301,11361360,8786113,0,0,877602871,605657367,0.012945901,0
2018,PUNO,GOBIERNO REGIONAL,767357,1403301,3562132,3242088,0,0,411065268,290334618,0.008665612,0
2018,PUNO,TRES NIVELES DE GOBIERNO,767357,1403301,14923492,12028201,240399,0,2242264030,1769933227,0.006655546,0.000107213
2018,SAN MARTIN,GOBIERNO NACIONAL,523149,891704,2189620,2181364,12800,10278,442029376,372133461,0.004953562,2.90E-05
2018,SAN MARTIN,GOBIERNOS LOCALES,523149,891704,149888471,44506571,14185609,6031822,739804072,497635140,0.202605631,0.019174819
2018,SAN MARTIN,GOBIERNO REGIONAL,523149,891704,1492507,1042687,0,0,420043208,239632276,0.003553223,0
2018,SAN MARTIN,TRES NIVELES DE GOBIERNO,523149,891704,153570598,47730622,14198409,6042100,1601876656,1109400877,0.095869178,0.008863609
2018,TACNA,GOBIERNO NACIONAL,247798,349518,0,0,145769,43739,145663591,107683330,0,0.001000724
2018,TACNA,GOBIERNOS LOCALES,247798,349518,263498,237584,0,0,282005373,217167774,0.000934372,0
2018,TACNA,GOBIERNO REGIONAL,247798,349518,0,0,0,0,259597851,136930132,0,0
2018,TACNA,TRES NIVELES DE GOBIERNO,247798,349518,263498,237584,145769,43739,687266815,461781236,0.0003834,0.0002121
2018,TUMBES,GOBIERNO NACIONAL,157447,251451,1310618,1212969,9327161,343253,160294441,135133818,0.008176316,0.058187676
2018,TUMBES,GOBIERNOS LOCALES,157447,251451,4832961,3080,28041189,6881209,198108024,102635693,0.024395584,0.141544943
2018,TUMBES,GOBIERNO REGIONAL,157447,251451,0,0,6713028,4112167,107891357,75630007,0,0.062220257
2018,TUMBES,TRES NIVELES DE GOBIERNO,157447,251451,6143579,1216049,44081378,11336629,466293822,313399518,0.013175339,0.094535625
2018,UCAYALI,GOBIERNO NACIONAL,332933,541681,0,0,123759,28148,125699111,85108816,0,0.000984565
2018,UCAYALI,GOBIERNOS LOCALES,332933,541681,67397,58487,0,0,348763701,212442952,0.000193245,0
2018,UCAYALI,GOBIERNO REGIONAL,332933,541681,0,0,0,0,373123337,217474835,0,0
2018,UCAYALI,TRES NIVELES DE GOBIERNO,332933,541681,67397,58487,123759,28149,847586149,515026603,7.95E-05,0.000146013
2019,AMAZONAS,GOBIERNO NACIONAL,245782,427041,5108678,4774792,0,0,320729318,292187003,0.015928316,0
2019,AMAZONAS,GOBIERNOS LOCALES,245782,427041,2188533,2004991,2801687,195828,379262022,229237754,0.005770504,0.007387207
2019,AMAZONAS,GOBIERNO REGIONAL,245782,427041,8082593,7640535,2065201,0,384791435,195012364,0.021005127,0.005367066
2019,AMAZONAS,TRES NIVELES DE GOBIERNO,245782,427041,15379804,14420318,4866888,195828,1084782775,716437121,0.014177773,0.004486509
2019,ANCASH,GOBIERNO NACIONAL,732720,1171756,2728781,561273,966864363,118482125,1035382895,555884556,0.002635528,0.933823002
2019,ANCASH,GOBIERNOS LOCALES,732720,1171756,36766655,14264508,196251167,78712721,1687936224,771181210,0.021782017,0.116266932
2019,ANCASH,GOBIERNO REGIONAL,732720,1171756,25976110,2413369,9712552,0,463856534,222519623,0.056000311,0.020938698
2019,ANCASH,TRES NIVELES DE GOBIERNO,732720,1171756,65471546,17239150,664196851,197194846,3187175653,1549585389,0.020542183,0.208396688
2019,APURIMAC,GOBIERNO NACIONAL,255707,466936,24842618,22962776,0,0,420969609,361317983,0.059012854,0
2019,APURIMAC,GOBIERNOS LOCALES,255707,466936,11672441,3875662,1657707,0,674791838,453520283,0.01729784,0.00245662
2019,APURIMAC,GOBIERNO REGIONAL,255707,466936,31607129,31432449,0,0,323291359,260658852,0.097766699,0
2019,APURIMAC,TRES NIVELES DE GOBIERNO,255707,466936,68122188,58270887,1657707,0,1419052806,1075497118,0.048005393,0.001168179
2019,AREQUIPA,GOBIERNO NACIONAL,979286,1350676,0,0,252183436,4039898,655658998,364373925,0,0.384625906
2019,AREQUIPA,GOBIERNOS LOCALES,979286,1350676,38616622,12259008,27572898,12887372,1288100214,663653179,0.029979517,0.021405864
2019,AREQUIPA,GOBIERNO REGIONAL,979286,1350676,2607292,1064237,130093160,22451639,829018201,466970668,0.003145036,0.156924371
2019,AREQUIPA,TRES NIVELES DE GOBIERNO,979286,1350676,41223914,13323245,336724062,39378910,2772777413,1494997772,0.014867372,0.121439269
2019,AYACUCHO,GOBIERNO NACIONAL,391390,718634,0,0,6386297,619016,471560764,276407199,0,0.013542893
2019,AYACUCHO,GOBIERNOS LOCALES,391390,718634,67348401,49308322,227614241,137454266,992921372,679752898,0.067828534,0.229236924
2019,AYACUCHO,GOBIERNO REGIONAL,391390,718634,6394843,5844040,0,0,508205947,274784336,0.012583172,0
2019,AYACUCHO,TRES NIVELES DE GOBIERNO,391390,718634,73743244,55152362,203037748,138073280,1972688083,1230944433,0.037382111,0.102924405
2019,CAJAMARCA,GOBIERNO NACIONAL,858915,1543104,71990,0,42013400,2489379,723128869,457085451,9.96E-05,0.058099464
2019,CAJAMARCA,GOBIERNOS LOCALES,858915,1543104,57490086,28442440,309497742,154207668,1281862711,741057003,0.044848864,0.241443752
2019,CAJAMARCA,GOBIERNO REGIONAL,858915,1543104,830783,301959,0,0,399781885,156882434,0.002078091,0
2019,CAJAMARCA,TRES NIVELES DE GOBIERNO,858915,1543104,58392859,28744399,314282811,156697040,2404773465,1355024888,0.024282062,0.130691234
2019,CUSCO,GOBIERNO NACIONAL,832238,1346373,0,0,328325,278431,689166058,599597316,0,0.000476409
2019,CUSCO,GOBIERNOS LOCALES,832238,1346373,60889822,37920007,8460802,3447357,2110124510,1596390323,0.028856033,0.004009622
2019,CUSCO,GOBIERNO REGIONAL,832238,1346373,8747926,7399468,2452306,2451512,647948268,400096864,0.013500964,0.003784725
2019,CUSCO,TRES NIVELES DE GOBIERNO,832238,1346373,69637748,45319475,11241433,6177299,3447238836,2596084503,0.020201022,0.003260996
2019,HUANCAVELICA,GOBIERNO NACIONAL,203101,509117,1807157,1713087,14959930,1455649,291341754,262808916,0.006202877,0.05134839
2019,HUANCAVELICA,GOBIERNOS LOCALES,203101,509117,12507173,6406515,61620675,41713919,526937413,342490662,0.023735595,0.116941165
2019,HUANCAVELICA,GOBIERNO REGIONAL,203101,509117,3563042,2703713,69929464,22408687,314458071,189917225,0.011330738,0.222380885
2019,HUANCAVELICA,TRES NIVELES DE GOBIERNO,203101,509117,17877372,10823315,144235197,65578253,1132737238,795216803,0.015782453,0.127333323
2019,HUANUCO,GOBIERNO NACIONAL,447924,889134,1850542,1841233,72540,51925,438267771,388207355,0.0042224,0.000165515
2019,HUANUCO,GOBIERNOS LOCALES,447924,889134,1964301,1311076,6765317,1096084,603908898,385518212,0.003252645,0.011202546
2019,HUANUCO,GOBIERNO REGIONAL,447924,889134,1447129,1437300,8664001,611234,334951751,274377164,0.00432041,0.025866415
2019,HUANUCO,TRES NIVELES DE GOBIERNO,447924,889134,5261972,4589609,15501858,1759243,1377128420,1048102731,0.003820974,0.011256654
2019,ICA,GOBIERNO NACIONAL,587884,817965,0,0,50042029,8182905,477322079,393469672,0,0.104839125
2019,ICA,GOBIERNOS LOCALES,587884,817965,11556244,8557710,101077768,63191033,414964574,241844954,0.027848748,0.24358168
2019,ICA,GOBIERNO REGIONAL,587884,817965,0,0,69693008,32278033,188996117,118666842,0,0.36875365
2019,ICA,TRES NIVELES DE GOBIERNO,587884,817965,11556244,8557710,198062530,103651974,1081282770,753981468,0.010687532,0.183173667
2019,JUNIN,GOBIERNO NACIONAL,828895,1389850,0,0,40133,30181,242832757,199366900,0,0.00016527
2019,JUNIN,GOBIERNOS LOCALES,828895,1389850,67881713,38149124,12940649,3676648,761227009,466255207,0.089174073,0.016999724
2019,JUNIN,GOBIERNO REGIONAL,828895,1389850,0,0,0,0,440279291,211460751,0,0
2019,JUNIN,TRES NIVELES DE GOBIERNO,828895,1389850,67881713,38149124,10316035,3706829,1444339057,877082858,0.046998461,0.007142391
2019,LA LIBERTAD,GOBIERNO NACIONAL,1273336,1956389,4695489,1253890,206043636,57970244,543400496,353872461,0.008640936,0.379174545
2019,LA LIBERTAD,GOBIERNOS LOCALES,1273336,1956389,88996471,61473831,834803420,441074120,1768336036,976618141,0.050327805,0.472084153
2019,LA LIBERTAD,GOBIERNO REGIONAL,1273336,1956389,0,0,50377582,7799629,259106989,134882251,0,0.194427723
2019,LA LIBERTAD,TRES NIVELES DE GOBIERNO,1273336,1956389,93691960,62727721,992599692,506843981,2570843521,1465372853,0.036444054,0.386098836
2019,LAMBAYEQUE,GOBIERNO NACIONAL,823541,1300720,11735427,3872185,146948894,39882385,318019269,172198520,0.036901622,0.462075441
2019,LAMBAYEQUE,GOBIERNOS LOCALES,823541,1300720,3073692,1922607,228617837,93059480,426640279,210007020,0.007204411,0.535856196
2019,LAMBAYEQUE,GOBIERNO REGIONAL,823541,1300720,0,0,42324431,10501562,363108578,275807753,0,0.116561364
2019,LAMBAYEQUE,TRES NIVELES DE GOBIERNO,823541,1300720,14809119,5794793,349940062,143443426,1107768126,658013293,0.013368429,0.315896489
2019,LIMA,GOBIERNO NACIONAL,7263412,10458367,11501956,3387280,391556099,164531453,6524311888,5114431215,0.001762938,0.060014927
2019,LIMA,GOBIERNOS LOCALES,7263412,10458367,22584910,10603777,174770198,59457645,2186917482,1176320275,0.01032728,0.079916229
2019,LIMA,GOBIERNO REGIONAL,7263412,10458367,1809513,425872,195166094,91374896,589766163,324135503,0.003068187,0.330921145
2019,LIMA,TRES NIVELES DE GOBIERNO,7263412,10458367,35896379,14416929,691777505,315363994,9300995533,6614886993,0.003859413,0.074376716
2019,LORETO,GOBIERNO NACIONAL,567424,1077831,7294071,7292327,2800416,1795,320403835,273837056,0.022765242,0.00874027
2019,LORETO,GOBIERNOS LOCALES,567424,1077831,14279154,13444122,6125778,2311435,486906079,280277507,0.029326301,0.012581026
2019,LORETO,GOBIERNO REGIONAL,567424,1077831,7051789,3879332,0,0,494565952,329253562,0.014258541,0
2019,LORETO,TRES NIVELES DE GOBIERNO,567424,1077831,28625014,24615782,8547475,2313230,1301875866,883368125,0.021987514,0.006565507
2019,MADRE DE DIOS,GOBIERNO NACIONAL,114120,150181,0,0,45880,34716,294630703,272423304,0,0.00015572
2019,MADRE DE DIOS,GOBIERNOS LOCALES,114120,150181,10800408,4267125,0,0,111957515,38944919,0.096468808,0
2019,MADRE DE DIOS,GOBIERNO REGIONAL,114120,150181,2961636,2934284,0,0,205180314,164513549,0.014434309,0
2019,MADRE DE DIOS,TRES NIVELES DE GOBIERNO,114120,150181,13762044,7201409,45880,34716,611768532,475881772,0.022495508,7.50E-05
2019,MOQUEGUA,GOBIERNO NACIONAL,131227,187941,0,0,0,0,193004908,156678301,0,0
2019,MOQUEGUA,GOBIERNOS LOCALES,131227,187941,410363,206524,9396433,1929674,280730535,196022823,0.001461768,0.033471361
2019,MOQUEGUA,GOBIERNO REGIONAL,131227,187941,10000,9590,9156989,2632271,185959665,133403168,5.38E-05,0.049241802
2019,MOQUEGUA,TRES NIVELES DE GOBIERNO,131227,187941,420363,216114,18553422,4561944,659695108,486104292,0.000637208,0.028124238
2019,NACIONAL,GOBIERNO NACIONAL,20807504,32526084,168905247,111541304,2012049275,550776989,18005669923,13604687084,0.00938067,0.111745316
2019,NACIONAL,GOBIERNOS LOCALES,20807504,32526084,781496801,384522419,2830016050,1632676035,20207515132,12036167527,0.038673572,0.140047702
2019,NACIONAL,GOBIERNO REGIONAL,20807504,32526084,124593781,80670967,1510591694,398208581,10636913273,6123470520,0.01171334,0.142014103
2019,NACIONAL,TRES NIVELES DE GOBIERNO,20807504,32526084,1074995829,576734691,6352657019,2581661608,48850098328,31764325129,0.022006012,0.130043894
2019,PASCO,GOBIERNO NACIONAL,168356,312777,0,0,0,0,262040704,240907993,0,0
2019,PASCO,GOBIERNOS LOCALES,168356,312777,4053230,3733058,4609287,2400561,278524878,158226766,0.014552488,0.016548924
2019,PASCO,GOBIERNO REGIONAL,168356,312777,8672565,7137970,13096034,527785,347629207,233572896,0.024947746,0.037672421
2019,PASCO,TRES NIVELES DE GOBIERNO,168356,312777,12725795,10871028,17705321,2928347,888194789,632707655,0.014327707,0.019934052
2019,PIURA,GOBIERNO NACIONAL,1282434,1901896,89511756,62148696,593758507,130735279,1054138179,694729095,0.084914632,0.563264398
2019,PIURA,GOBIERNOS LOCALES,1282434,1901896,44605787,28079285,893129078,510591903,1623668371,964336970,0.027472228,0.550068656
2019,PIURA,GOBIERNO REGIONAL,1282434,1901896,1052199,965955,988253078,188227604,1400634229,446761188,0.00075123,0.705575415
2019,PIURA,TRES NIVELES DE GOBIERNO,1282434,1901896,135169742,91193935,2144325644,829554779,4078440779,2105827253,0.033142505,0.52577094
2019,CALLAO,GOBIERNO NACIONAL,648367,1010315,0,0,272968,272847,706991923,533451178,0,0.000386098
2019,CALLAO,GOBIERNOS LOCALES,648367,1010315,0,0,0,0,135125362,89529051,0,0
2019,CALLAO,GOBIERNO REGIONAL,648367,1010315,0,0,0,0,192485037,26378795,0,0
2019,CALLAO,TRES NIVELES DE GOBIERNO,648367,1010315,0,0,272968,272847,1034602322,649359024,0,0.000263839
2019,PUNO,GOBIERNO NACIONAL,773062,1471405,38621,35000,152710,140563,912698331,849663594,4.23E-05,0.000167317
2019,PUNO,GOBIERNOS LOCALES,773062,1471405,1052978,831565,0,0,742249780,522852645,0.00141863,0
2019,PUNO,GOBIERNO REGIONAL,773062,1471405,628106,615546,0,0,399615555,251127198,0.001571776,0
2019,PUNO,TRES NIVELES DE GOBIERNO,773062,1471405,1719705,1482111,152710,140563,2054563666,1623643437,0.000837017,7.43E-05
2019,SAN MARTIN,GOBIERNO NACIONAL,537665,884795,717223,717221,0,0,531960998,393120553,0.001348262,0
2019,SAN MARTIN,GOBIERNOS LOCALES,537665,884795,206281191,54728694,26901140,8060849,715123499,401888317,0.288455339,0.037617475
2019,SAN MARTIN,GOBIERNO REGIONAL,537665,884795,4612533,4465348,4896413,1637075,381877967,296939875,0.012078552,0.012821931
2019,SAN MARTIN,TRES NIVELES DE GOBIERNO,537665,884795,211610947,59911263,31797553,9697923,1628962464,1091948745,0.129905355,0.019520126
2019,TACNA,GOBIERNO NACIONAL,256285,358314,0,0,83373,79223,149345652,105360200,0,0.000558255
2019,TACNA,GOBIERNOS LOCALES,256285,358314,3952847,1461,0,0,218356489,144599880,0.018102723,0
2019,TACNA,GOBIERNO REGIONAL,256285,358314,0,0,0,0,284001191,184310550,0,0
2019,TACNA,TRES NIVELES DE GOBIERNO,256285,358314,3952847,1461,83373,79223,651703332,434270630,0.006065409,0.000127931
2019,TUMBES,GOBIERNO NACIONAL,162221,248877,7000938,981544,117480359,21456931,289974955,178500860,0.024143251,0.405139675
2019,TUMBES,GOBIERNOS LOCALES,162221,248877,8067205,289754,44418257,17081031,176187062,76746162,0.045787726,0.252108506
2019,TUMBES,GOBIERNO REGIONAL,162221,248877,0,0,46979760,15306654,148111094,54997955,0,0.317192715
2019,TUMBES,TRES NIVELES DE GOBIERNO,162221,248877,15068143,1271298,186932327,53844614,614273111,310244977,0.024530038,0.304314683
2019,UCAYALI,GOBIERNO NACIONAL,346909,518190,0,0,52190,42061,135277210,112400485,0,0.0003858
2019,UCAYALI,GOBIERNOS LOCALES,346909,518190,4456574,2441253,5747777,126454,334754980,228895362,0.013312943,0.017170102
2019,UCAYALI,GOBIERNO REGIONAL,346909,518190,0,0,0,0,549292473,496039154,0,0
2019,UCAYALI,TRES NIVELES DE GOBIERNO,346909,518190,4456574,2441253,5799967,168515,1019324663,837335001,0.004372085,0.005690009
2020,AMAZONAS,GOBIERNO NACIONAL,249400,428752,2040006,2029377,0,0,302758163,269137664,0.006738071,0
2020,AMAZONAS,GOBIERNOS LOCALES,249400,428752,28140,24931,2693934,1537179,391052093,205203674,7.20E-05,0.006888939
2020,AMAZONAS,GOBIERNO REGIONAL,249400,428752,542695,542692,0,0,310947051,283075494,0.001745297,0
2020,AMAZONAS,TRES NIVELES DE GOBIERNO,249400,428752,2610841,2597001,2693934,1537179,1004757307,757416832,0.002598479,0.002681179
2020,ANCASH,GOBIERNO NACIONAL,746192,1177538,0,0,751224791,136296599,922365513,353719802,0,0.814454552
2020,ANCASH,GOBIERNOS LOCALES,746192,1177538,2833741,687075,303874014,116139077,1902960684,768945850,0.001489122,0.159684862
2020,ANCASH,GOBIERNO REGIONAL,746192,1177538,11518683,3287109,40396012,16962431,449683288,198741896,0.025615101,0.08983214
2020,ANCASH,TRES NIVELES DE GOBIERNO,746192,1177538,14352424,3974184,938417996,269398108,3275009485,1321407548,0.004382407,0.286539016
2020,APURIMAC,GOBIERNO NACIONAL,258259,469831,0,0,0,0,233604471,199325775,0,0
2020,APURIMAC,GOBIERNOS LOCALES,258259,469831,4544340,4302459,0,0,617926924,380104512,0.007354171,0
2020,APURIMAC,GOBIERNO REGIONAL,258259,469831,14547325,14536720,0,0,247107743,215856721,0.058870373,0
2020,APURIMAC,TRES NIVELES DE GOBIERNO,258259,469831,19091665,18839179,0,0,1098639138,795287008,0.017377558,0
2020,AREQUIPA,GOBIERNO NACIONAL,1006836,1378106,0,0,133649649,38846027,342523246,210375457,0,0.39019147
2020,AREQUIPA,GOBIERNOS LOCALES,1006836,1378106,964058,233580,31065033,9590915,1502289005,709108046,0.000641726,0.020678467
2020,AREQUIPA,GOBIERNO REGIONAL,1006836,1378106,0,0,60681886,28325741,700300609,410587231,0,0.086651197
2020,AREQUIPA,TRES NIVELES DE GOBIERNO,1006836,1378106,964058,233580,225396568,76762685,2545112860,1330070734,0.000378788,0.08856054
2020,AYACUCHO,GOBIERNO NACIONAL,396790,726455,0,0,1768862,622305,180440388,158118076,0,0.009803027
2020,AYACUCHO,GOBIERNOS LOCALES,396790,726455,6311439,4766687,137217737,79113632,1161774231,634596922,0.005432586,0.118110501
2020,AYACUCHO,GOBIERNO REGIONAL,396790,726455,1548775,1481569,1317011,0,464045691,294021230,0.003337549,0.002838106
2020,AYACUCHO,TRES NIVELES DE GOBIERNO,396790,726455,7860214,6248257,140303610,79735935,1806260310,1086736228,0.004351651,0.077676296
2020,CAJAMARCA,GOBIERNO NACIONAL,869759,1546741,109003,106502,22029378,11710448,558321933,431149127,0.000195233,0.039456408
2020,CAJAMARCA,GOBIERNOS LOCALES,869759,1546741,803501,483383,212106745,105841974,1567694214,728653988,0.000512537,0.135298544
2020,CAJAMARCA,GOBIERNO REGIONAL,869759,1546741,1433128,1357588,660240,0,425556920,128548636,0.003367653,0.001551473
2020,CAJAMARCA,TRES NIVELES DE GOBIERNO,869759,1546741,2345632,1947474,234492234,117546974,2551573067,1288351751,0.000919289,0.091901046
2020,CUSCO,GOBIERNO NACIONAL,848458,1354360,0,0,4701,0,725415888,497682838,0,6.48E-06
2020,CUSCO,GOBIERNOS LOCALES,848458,1354360,17401220,16755498,5013445,4319607,1780320802,1251407772,0.009774205,0.002816035
2020,CUSCO,GOBIERNO REGIONAL,848458,1354360,6993889,6938827,2577935,2577935,495721319,360556760,0.01410851,0.005200371
2020,CUSCO,TRES NIVELES DE GOBIERNO,848458,1354360,24395109,23694324,7596081,6897542,3001458009,2109647370,0.008127753,0.002530797
2020,HUANCAVELICA,GOBIERNO NACIONAL,202193,512952,3670941,3670180,21254266,5432186,220959660,161372500,0.016613625,0.096190707
2020,HUANCAVELICA,GOBIERNOS LOCALES,202193,512952,537770,342922,53977365,27430754,536388518,309264904,0.001002576,0.100631097
2020,HUANCAVELICA,GOBIERNO REGIONAL,202193,512952,4184325,4080799,50392920,16169986,256066435,156455531,0.016340779,0.196796273
2020,HUANCAVELICA,TRES NIVELES DE GOBIERNO,202193,512952,8393036,8093901,125624551,49032927,1013414613,627092935,0.008281937,0.123961653
2020,HUANUCO,GOBIERNO NACIONAL,451744,917192,3009704,3005126,0,0,362879545,329175554,0.008293948,0
2020,HUANUCO,GOBIERNOS LOCALES,451744,917192,100492,24380,16292908,3854140,604030462,340169202,0.000166369,0.026973653
2020,HUANUCO,GOBIERNO REGIONAL,451744,917192,2096620,1984039,8000201,6453606,294876038,234411855,0.007110174,0.027130726
2020,HUANUCO,TRES NIVELES DE GOBIERNO,451744,917192,5206816,5013546,24293109,10307746,1261786045,903756611,0.004126544,0.019252954
2020,ICA,GOBIERNO NACIONAL,606554,825976,0,0,119258563,59494914,334569831,251260443,0,0.356453428
2020,ICA,GOBIERNOS LOCALES,606554,825976,5195,0,51036431,16836747,457338717,196856697,1.14E-05,0.111594381
2020,ICA,GOBIERNO REGIONAL,606554,825976,74723,0,262071359,32773669,335333597,91747024,0.000222832,0.781524313
2020,ICA,TRES NIVELES DE GOBIERNO,606554,825976,79918,0,430380926,109105328,1127242145,539864164,7.09E-05,0.381799889
2020,JUNIN,GOBIERNO NACIONAL,839976,1400043,0,0,0,0,189812261,143073347,0,0
2020,JUNIN,GOBIERNOS LOCALES,839976,1400043,704477,641812,10311579,6056056,736377726,397640085,0.000956679,0.014003111
2020,JUNIN,GOBIERNO REGIONAL,839976,1400043,0,0,0,0,314731447,236914740,0,0
2020,JUNIN,TRES NIVELES DE GOBIERNO,839976,1400043,704477,641812,10311579,6056057,1240921434,777628172,0.000567705,0.008309615
2020,LA LIBERTAD,GOBIERNO NACIONAL,1307923,1990361,0,0,387686625,125772749,744198800,434899078,0,0.520944975
2020,LA LIBERTAD,GOBIERNOS LOCALES,1307923,1990361,1025882,806085,845071884,384662316,1784737703,814645325,0.000574808,0.473499205
2020,LA LIBERTAD,GOBIERNO REGIONAL,1307923,1990361,0,0,77290531,36917956,291642717,165974490,0,0.265017868
2020,LA LIBERTAD,TRES NIVELES DE GOBIERNO,1307923,1990361,1025882,806085,1268020243,547353009,2820579220,1415518893,0.000363713,0.44956023
2020,LAMBAYEQUE,GOBIERNO NACIONAL,841252,1311219,0,0,494651391,299035016,608117704,397607331,0,0.813413896
2020,LAMBAYEQUE,GOBIERNOS LOCALES,841252,1311219,0,0,313099586,119522962,591826046,229382922,0,0.52903989
2020,LAMBAYEQUE,GOBIERNO REGIONAL,841252,1311219,0,0,55148659,24128382,325113046,255522702,0,0.169629179
2020,LAMBAYEQUE,TRES NIVELES DE GOBIERNO,841252,1311219,0,0,831906334,438893129,1525056796,882512955,0,0.545492034
2020,LIMA,GOBIERNO NACIONAL,7455078,10624449,24500,23127,339499339,134888197,5667531586,4679304486,4.32E-06,0.059902505
2020,LIMA,GOBIERNOS LOCALES,7455078,10624449,548140,273489,184917742,116836274,2133370832,1041568194,0.000256936,0.086678668
2020,LIMA,GOBIERNO REGIONAL,7455078,10624449,0,0,86297201,52951831,340433067,251649008,0,0.253492417
2020,LIMA,TRES NIVELES DE GOBIERNO,7455078,10624449,572640,296616,610714282,304676298,8141335485,5972521688,7.03E-05,0.075014017
2020,LORETO,GOBIERNO NACIONAL,579123,1088076,7814847,7814843,1725881,0,329221773,279760248,0.023737333,0.005242305
2020,LORETO,GOBIERNOS LOCALES,579123,1088076,8825,0,21234701,15226785,506091579,307602415,1.74E-05,0.041958218
2020,LORETO,GOBIERNO REGIONAL,579123,1088076,30152126,24261960,354750,300626,602666530,366681796,0.050031194,0.000588634
2020,LORETO,TRES NIVELES DE GOBIERNO,579123,1088076,37975798,32076803,23315332,15527412,1437979882,954044459,0.02640913,0.016213949
2020,MADRE DE DIOS,GOBIERNO NACIONAL,118956,153674,0,0,4701,1419,260204526,253993456,0,1.81E-05
2020,MADRE DE DIOS,GOBIERNOS LOCALES,118956,153674,32967,19000,0,0,100347744,51796542,0.000328528,0
2020,MADRE DE DIOS,GOBIERNO REGIONAL,118956,153674,0,0,0,0,132442593,114718712,0,0
2020,MADRE DE DIOS,TRES NIVELES DE GOBIERNO,118956,153674,32967,19000,4701,1419,492994863,420508710,6.69E-05,9.54E-06
2020,MOQUEGUA,GOBIERNO NACIONAL,133685,189910,0,0,0,0,163317742,155501885,0,0
2020,MOQUEGUA,GOBIERNOS LOCALES,133685,189910,46264,39732,21830461,6912801,296378831,158946936,0.000156098,0.073657288
2020,MOQUEGUA,GOBIERNO REGIONAL,133685,189910,0,0,6385841,5466989,164814855,149038534,0,0.038745543
2020,MOQUEGUA,TRES NIVELES DE GOBIERNO,133685,189910,46264,39732,28216302,12379789,624511428,463487355,7.41E-05,0.045181402
2020,NACIONAL,GOBIERNO NACIONAL,21274776,32932561,16669001,16649155,3110720771,1175893636,15511401312,11593737027,0.001074629,0.200544149
2020,NACIONAL,GOBIERNOS LOCALES,21274776,32932561,39900755,31783450,3289875369,1557776325,21183031071,10982792211,0.001883619,0.155307112
2020,NACIONAL,GOBIERNO REGIONAL,21274776,32932561,79455376,64806588,1606489188,674528932,9083074328,5879220015,0.00874763,0.176866238
2020,NACIONAL,TRES NIVELES DE GOBIERNO,21274776,32932561,136025132,113239195,8007085328,3408198897,45777506711,28455749263,0.00297144,0.174913094
2020,PASCO,GOBIERNO NACIONAL,169519,315073,0,0,0,0,131326052,106015116,0,0
2020,PASCO,GOBIERNOS LOCALES,169519,315073,95948,82173,2208726,1715628,261411112,146602290,0.000367039,0.008449243
2020,PASCO,GOBIERNO REGIONAL,169519,315073,0,0,12568248,11075021,204250403,150733974,0,0.061533529
2020,PASCO,TRES NIVELES DE GOBIERNO,169519,315073,95948,82173,14776974,12790648,596987567,403351380,0.00016072,0.024752566
2020,PIURA,GOBIERNO NACIONAL,1314938,1917139,0,0,947211251,297981499,1346326945,722583564,0,0.703552175
2020,PIURA,GOBIERNOS LOCALES,1314938,1917139,1897878,842146,960993417,494116001,1810136164,924122139,0.001048473,0.530895651
2020,PIURA,GOBIERNO REGIONAL,1314938,1917139,2934046,2934045,881117082,431544818,1216326457,631754443,0.002412219,0.724408383
2020,PIURA,TRES NIVELES DE GOBIERNO,1314938,1917139,4831924,3776190,2714242898,1223642309,4372789566,2278460146,0.001104998,0.620711986
2020,CALLAO,GOBIERNO NACIONAL,648367,1010315,0,0,0,0,451977370,396890516,0,0
2020,CALLAO,GOBIERNOS LOCALES,648367,1010315,0,0,0,0,136900507,66855532,0,0
2020,CALLAO,GOBIERNO REGIONAL,648367,1010315,0,0,0,0,122415999,56452908,0,0
2020,CALLAO,TRES NIVELES DE GOBIERNO,648367,1010315,0,0,0,0,711293876,520198956,0,0
2020,PUNO,GOBIERNO NACIONAL,776398,1486225,0,0,251320,174800,709338703,643810225,0,0.000354302
2020,PUNO,GOBIERNOS LOCALES,776398,1486225,156000,155605,733153,289586,799576161,490003570,0.000195103,0.000916927
2020,PUNO,GOBIERNO REGIONAL,776398,1486225,0,0,0,0,314140003,281634028,0,0
2020,PUNO,TRES NIVELES DE GOBIERNO,776398,1486225,156000,155605,984473,464386,1823054867,1415447823,8.56E-05,0.000540013
2020,SAN MARTIN,GOBIERNO NACIONAL,550312,896452,0,0,0,0,218805742,200673720,0,0
2020,SAN MARTIN,GOBIERNOS LOCALES,550312,896452,92112,92111,33860435,20503682,727016709,388948032,0.000126699,0.046574494
2020,SAN MARTIN,GOBIERNO REGIONAL,550312,896452,3117636,3111445,7508892,5728524,287958905,257457619,0.01082667,0.026076263
2020,SAN MARTIN,TRES NIVELES DE GOBIERNO,550312,896452,3209748,3203556,41369327,26232207,1233781356,847079371,0.002601553,0.033530517
2020,TACNA,GOBIERNO NACIONAL,263372,362641,0,0,0,0,83979264,57550897,0,0
2020,TACNA,GOBIERNOS LOCALES,263372,362641,0,0,20527357,216160,296488356,188994643,0,0.069234952
2020,TACNA,GOBIERNO REGIONAL,263372,362641,0,0,0,0,263983483,235932560,0,0
2020,TACNA,TRES NIVELES DE GOBIERNO,263372,362641,0,0,20527357,216160,644451103,482478100,0,0.031852466
2020,TUMBES,GOBIERNO NACIONAL,166252,251878,0,0,283655629,65637490,319318280,173133098,0,0.888316287
2020,TUMBES,GOBIERNOS LOCALES,166252,251878,30000,0,65301889,28938149,224226226,98425734,0.000133793,0.291232164
2020,TUMBES,GOBIERNO REGIONAL,166252,251878,311405,289795,66815715,3151417,169340373,63099844,0.001838929,0.394564591
2020,TUMBES,TRES NIVELES DE GOBIERNO,166252,251878,341405,289795,307875195,97727049,712884879,334658676,0.000478906,0.431872248
2020,UCAYALI,GOBIERNO NACIONAL,358578,524376,0,0,0,0,100360692,83897603,0,0
2020,UCAYALI,GOBIERNOS LOCALES,358578,524376,1732366,1210382,5621322,1914597,256369725,152946305,0.006757296,0.021926622
2020,UCAYALI,GOBIERNO REGIONAL,358578,524376,0,0,0,0,353175759,287652313,0,0
2020,UCAYALI,TRES NIVELES DE GOBIERNO,358578,524376,1732366,1210382,5621322,1914597,709906176,524496221,0.002440275,0.007918401
