,Year,Departamento,celda,Electores,Poblacion,PIM,Devengado,PIMCC,DevengadoCC,PIMFONDES,DevengadoFONDES
0,2015,AMAZONAS,Tres niveles de gobierno,228936,422629,892852469,735523335,12014639,8975173,0,0
1,2015,AMAZONAS,Gobierno Nacional,228936,422629,356715282,341393096,0,0,0,0
2,2015,AMAZONAS,Gobierno Regional,228936,422629,202960280,166339112,10954817,8416612,0,0
3,2015,AMAZONAS,Gobierno Local,228936,422629,333176907,227791128,1059822,558561,0,0
4,2015,ANCASH,Tres niveles de gobierno,661380,1148634,1242315262,679241101,31174571,15649715,0,0
5,2015,ANCASH,Gobierno Nacional,661380,1148634,310864153,204035672,5475838,5432688,0,0
6,2015,ANCASH,Gobierno Regional,661380,1148634,198847827,49365547,5097026,0,0,0
7,2015,ANCASH,Gobierno Local,661380,1148634,732603282,425839882,20601707,10217027,0,0
8,2015,APURIMAC,Tres niveles de gobierno,242965,458830,1317800243,766673289,76384514,67042316,0,0
9,2015,APURIMAC,Gobierno Nacional,242965,458830,285978405,245439798,0,0,0,0
10,2015,APURIMAC,Gobierno Regional,242965,458830,281882101,232279264,64977212,64445362,0,0
11,2015,APURIMAC,Gobierno Local,242965,458830,749939737,288954227,11407302,2596954,0,0
12,2015,AREQUIPA,Tres niveles de gobierno,850913,1287205,1863827690,1171034749,17053807,4458292,0,0
13,2015,AREQUIPA,Gobierno Nacional,850913,1287205,441067814,398115057,0,0,0,0
14,2015,AREQUIPA,Gobierno Regional,850913,1287205,427091997,260342001,0,0,0,0
15,2015,AREQUIPA,Gobierno Local,850913,1287205,995667879,512577692,17053807,4458292,0,0
16,2015,AYACUCHO,Tres niveles de gobierno,364963,688657,1848001082,1486547059,28783844,18953511,0,0
17,2015,AYACUCHO,Gobierno Nacional,364963,688657,622178227,548419298,0,0,0,0
18,2015,AYACUCHO,Gobierno Regional,364963,688657,476648674,405176951,5244084,4495529,0,0
19,2015,AYACUCHO,Gobierno Local,364963,688657,749174181,532950809,23539760,14457982,0,0
20,2015,CAJAMARCA,Tres niveles de gobierno,807357,1529755,2141284200,1549619670,47285818,19916052,0,0
21,2015,CAJAMARCA,Gobierno Nacional,807357,1529755,853750140,763000164,1697921,1645666,0,0
22,2015,CAJAMARCA,Gobierno Regional,807357,1529755,251720851,151759335,2751081,2247326,0,0
23,2015,CAJAMARCA,Gobierno Local,807357,1529755,1035813209,634860171,42836816,16023059,0,0
24,2015,CALLAO,Tres niveles de gobierno,648367,1010315,2518437431,2413553099,0,0,0,0
25,2015,CALLAO,Gobierno Nacional,648367,1010315,2249658780,2204877859,0,0,0,0
26,2015,CALLAO,Gobierno Regional,648367,1010315,169383787,131696292,0,0,0,0
27,2015,CALLAO,Gobierno Local,648367,1010315,99394864,76978948,0,0,0,0
28,2015,CUSCO,Tres niveles de gobierno,756348,1316729,3444032663,2924104532,62364897,54896719,0,0
29,2015,CUSCO,Gobierno Nacional,756348,1316729,1099640843,1015690613,603398,603397,0,0
30,2015,CUSCO,Gobierno Regional,756348,1316729,533010683,429793963,5893238,5838026,0,0
31,2015,CUSCO,Gobierno Local,756348,1316729,1811381137,1478619956,55868261,48455296,0,0
32,2015,HUANCAVELICA,Tres niveles de gobierno,205637,494963,1199841306,992439118,9097906,8662727,0,0
33,2015,HUANCAVELICA,Gobierno Nacional,205637,494963,510338198,459546277,0,0,0,0
34,2015,HUANCAVELICA,Gobierno Regional,205637,494963,224154972,186529656,6305682,6204268,0,0
35,2015,HUANCAVELICA,Gobierno Local,205637,494963,465348136,346363185,2792224,2458460,0,0
36,2015,HUANUCO,Tres niveles de gobierno,427449,860537,1099071597,814417258,22438180,19660047,0,0
37,2015,HUANUCO,Gobierno Nacional,427449,860537,267277312,229655633,4102962,4079349,0,0
38,2015,HUANUCO,Gobierno Regional,427449,860537,236146611,218625287,8010589,8007174,0,0
39,2015,HUANUCO,Gobierno Local,427449,860537,595647674,366136337,10324629,7573524,0,0
40,2015,ICA,Tres niveles de gobierno,507681,787170,651330003,450383657,15422096,8520175,0,0
41,2015,ICA,Gobierno Nacional,507681,787170,91373518,71857467,0,0,0,0
42,2015,ICA,Gobierno Regional,507681,787170,110254960,93028838,0,0,0,0
43,2015,ICA,Gobierno Local,507681,787170,449701525,285497352,15422096,8520175,0,0
44,2015,JUNIN,Tres niveles de gobierno,773922,1350783,1274724016,907968905,17715166,4054177,0,0
45,2015,JUNIN,Gobierno Nacional,773922,1350783,257864614,206777549,0,0,0,0
46,2015,JUNIN,Gobierno Regional,773922,1350783,326368694,279574173,407577,357381,0,0
47,2015,JUNIN,Gobierno Local,773922,1350783,690490708,421617183,17307589,3696796,0,0
48,2015,LA LIBERTAD,Tres niveles de gobierno,1100416,1859640,1871295615,1409601755,5205846,3231401,0,0
49,2015,LA LIBERTAD,Gobierno Nacional,1100416,1859640,318827934,289174736,0,0,0,0
50,2015,LA LIBERTAD,Gobierno Regional,1100416,1859640,632180628,555634833,0,0,0,0
51,2015,LA LIBERTAD,Gobierno Local,1100416,1859640,920287053,564792186,5205846,3231401,0,0
52,2015,LAMBAYEQUE,Tres niveles de gobierno,732843,1260650,984539624,657917504,11289619,9846163,0,0
53,2015,LAMBAYEQUE,Gobierno Nacional,732843,1260650,141239255,102937709,0,0,0,0
54,2015,LAMBAYEQUE,Gobierno Regional,732843,1260650,375462889,290365618,0,0,0,0
55,2015,LAMBAYEQUE,Gobierno Local,732843,1260650,467837480,264614177,11289619,9846163,0,0
56,2015,LIMA,Tres niveles de gobierno,6333911,9838251,7652654119,6480901318,16381226,14508712,0,0
57,2015,LIMA,Gobierno Nacional,6333911,9838251,5743241013,5232357067,3345096,3345096,0,0
58,2015,LIMA,Gobierno Regional,6333911,9838251,234410954,197557109,470971,470927,0,0
59,2015,LIMA,Gobierno Local,6333911,9838251,1675002152,1050987142,12565159,10692689,0,0
60,2015,LORETO,Tres niveles de gobierno,511703,1039372,761776678,606140063,6477355,2941772,0,0
61,2015,LORETO,Gobierno Nacional,511703,1039372,208734700,156784105,0,0,0,0
62,2015,LORETO,Gobierno Regional,511703,1039372,187421714,175160181,2213019,0,0,0
63,2015,LORETO,Gobierno Local,511703,1039372,365620264,274195778,4264336,2941772,0,0
64,2015,MADRE DE DIOS,Tres niveles de gobierno,93243,137316,448947878,387387002,2665300,2563655,0,0
65,2015,MADRE DE DIOS,Gobierno Nacional,93243,137316,265034313,245099247,0,0,0,0
66,2015,MADRE DE DIOS,Gobierno Regional,93243,137316,140627124,109215042,2640444,2543999,0,0
67,2015,MADRE DE DIOS,Gobierno Local,93243,137316,43286441,33072712,24856,19655,0,0
68,2015,MOQUEGUA,Tres niveles de gobierno,119686,180477,550134445,359186288,2339618,1570546,0,0
69,2015,MOQUEGUA,Gobierno Nacional,119686,180477,80817079,35045060,0,0,0,0
70,2015,MOQUEGUA,Gobierno Regional,119686,180477,156543635,135427255,241462,208426,0,0
71,2015,MOQUEGUA,Gobierno Local,119686,180477,312773731,188713973,2098156,1362120,0,0
72,2015,PASCO,Tres niveles de gobierno,161868,304158,644975703,511779170,19634465,17470066,0,0
73,2015,PASCO,Gobierno Nacional,161868,304158,183646858,172289933,0,0,0,0
74,2015,PASCO,Gobierno Regional,161868,304158,211884649,172137551,9218628,9084565,0,0
75,2015,PASCO,Gobierno Local,161868,304158,249444196,167351686,10415837,8385501,0,0
76,2015,PIURA,Tres niveles de gobierno,1128746,1844129,1967780575,1628653848,9476639,4241743,0,0
77,2015,PIURA,Gobierno Nacional,1128746,1844129,684177301,642567841,47200,47200,0,0
78,2015,PIURA,Gobierno Regional,1128746,1844129,315904308,268276271,163077,88636,0,0
79,2015,PIURA,Gobierno Local,1128746,1844129,967698966,717809735,9266362,4105907,0,0
80,2015,PUNO,Tres niveles de gobierno,750285,1415608,1873653581,1295697108,7960321,4479475,0,0
81,2015,PUNO,Gobierno Nacional,750285,1415608,651263232,558376805,0,0,0,0
82,2015,PUNO,Gobierno Regional,750285,1415608,233053728,179806090,2276606,2276603,0,0
83,2015,PUNO,Gobierno Local,750285,1415608,989336621,557514213,5683715,2202872,0,0
84,2015,SAN MARTIN,Tres niveles de gobierno,481748,840790,1322987725,1081917090,14159635,12682696,0,0
85,2015,SAN MARTIN,Gobierno Nacional,481748,840790,187889318,155781020,0,0,0,0
86,2015,SAN MARTIN,Gobierno Regional,481748,840790,665581804,599241513,3035124,1937841,0,0
87,2015,SAN MARTIN,Gobierno Local,481748,840790,469516603,326894557,11124511,10744854,0,0
88,2015,TACNA,Tres niveles de gobierno,223313,341838,454080628,347016020,5219052,4963656,0,0
89,2015,TACNA,Gobierno Nacional,223313,341838,51462886,33553840,0,0,0,0
90,2015,TACNA,Gobierno Regional,223313,341838,92580654,70572986,0,0,0,0
91,2015,TACNA,Gobierno Local,223313,341838,310037088,242889194,5219052,4963656,0,0
92,2015,TUMBES,Tres niveles de gobierno,143767,237685,332738639,229257269,1015028,883104,0,0
93,2015,TUMBES,Gobierno Nacional,143767,237685,82324840,60295946,0,0,0,0
94,2015,TUMBES,Gobierno Regional,143767,237685,82733322,44671609,329622,293417,0,0
95,2015,TUMBES,Gobierno Local,143767,237685,167680477,124289713,685406,589686,0,0
96,2015,UCAYALI,Tres niveles de gobierno,292487,495522,702498307,574855205,201392,25034,0,0
97,2015,UCAYALI,Gobierno Nacional,292487,495522,276818687,252825680,0,0,0,0
98,2015,UCAYALI,Gobierno Regional,292487,495522,194553084,146712852,0,0,0,0
99,2015,UCAYALI,Gobierno Local,292487,495522,231126536,175316673,201392,25034,0,0
100,2015,NACIONAL,Tres niveles de gobierno,18549934,31151643,39061581479,30461815412,441760934,310196927,0,0
101,2015,NACIONAL,Gobierno Nacional,18549934,31151643,16222184702,14625897472,15272415,15153396,0,0
102,2015,NACIONAL,Gobierno Regional,18549934,31151643,6961409930,5549289329,130230259,116916092,0,0
103,2015,NACIONAL,Gobierno Local,18549934,31151643,15877986847,10286628609,296258260,178127436,0,0
104,2016,AMAZONAS,Tres niveles de gobierno,232278,423898,933424894,678069135,12701218,10974041,0,0
105,2016,AMAZONAS,Gobierno Nacional,232278,423898,364449514,285503259,19110,5919,0,0
106,2016,AMAZONAS,Gobierno Regional,232278,423898,240859631,173227726,8733077,8093099,0,0
107,2016,AMAZONAS,Gobierno Local,232278,423898,328115749,219338149,3949031,2875024,0,0
108,2016,ANCASH,Tres niveles de gobierno,676037,1154639,1326827022,706158454,42978803,27144491,0,0
109,2016,ANCASH,Gobierno Nacional,676037,1154639,246615505,115397006,5358697,4930559,0,0
110,2016,ANCASH,Gobierno Regional,676037,1154639,206609319,54698683,6328136,3303304,0,0
111,2016,ANCASH,Gobierno Local,676037,1154639,873602198,536062765,31291970,18910627,0,0
112,2016,APURIMAC,Tres niveles de gobierno,245364,460868,1441580350,888306472,70815918,56818386,0,0
113,2016,APURIMAC,Gobierno Nacional,245364,460868,237600276,161101642,0,0,0,0
114,2016,APURIMAC,Gobierno Regional,245364,460868,229114720,156637698,38692447,38137233,0,0
115,2016,APURIMAC,Gobierno Local,245364,460868,974865354,570567132,32123471,18681152,0,0
116,2016,AREQUIPA,Tres niveles de gobierno,878878,1301298,2009221200,1234891463,21265078,8681053,0,0
117,2016,AREQUIPA,Gobierno Nacional,878878,1301298,377705625,238774950,0,0,0,0
118,2016,AREQUIPA,Gobierno Regional,878878,1301298,567981002,373840425,0,0,0,0
119,2016,AREQUIPA,Gobierno Local,878878,1301298,1063534573,622276088,21265078,8681053,0,0
120,2016,AYACUCHO,Tres niveles de gobierno,370683,696152,1579456042,1068288281,58807292,41002405,0,0
121,2016,AYACUCHO,Gobierno Nacional,370683,696152,377402007,277671956,0,0,0,0
122,2016,AYACUCHO,Gobierno Regional,370683,696152,367847580,270392967,14238996,6163049,0,0
123,2016,AYACUCHO,Gobierno Local,370683,696152,834206455,520223358,44568296,34839356,0,0
124,2016,CAJAMARCA,Tres niveles de gobierno,817826,1533783,2196422656,1343265086,66125734,50231057,0,0
125,2016,CAJAMARCA,Gobierno Nacional,817826,1533783,622856383,405775224,398700,398694,0,0
126,2016,CAJAMARCA,Gobierno Regional,817826,1533783,306204250,150003394,2298135,1376131,0,0
127,2016,CAJAMARCA,Gobierno Local,817826,1533783,1267362023,787486468,63428899,48456231,0,0
128,2016,CALLAO,Tres niveles de gobierno,668669,1024439,1398826506,886319342,0,0,0,0
129,2016,CALLAO,Gobierno Nacional,668669,1024439,958056338,592262687,0,0,0,0
130,2016,CALLAO,Gobierno Regional,668669,1024439,302837728,219659030,0,0,0,0
131,2016,CALLAO,Gobierno Local,668669,1024439,137932440,74397625,0,0,0,0
132,2016,CUSCO,Tres niveles de gobierno,773014,1324371,3155809150,2394079507,58926310,51594636,0,0
133,2016,CUSCO,Gobierno Nacional,773014,1324371,799748056,574784843,10277,10277,0,0
134,2016,CUSCO,Gobierno Regional,773014,1324371,632474491,421559603,5750149,5304732,0,0
135,2016,CUSCO,Gobierno Local,773014,1324371,1723586603,1397735061,53165884,46279628,0,0
136,2016,HUANCAVELICA,Tres niveles de gobierno,204276,498556,1205347337,931728780,15865759,9407765,0,0
137,2016,HUANCAVELICA,Gobierno Nacional,204276,498556,423940282,385944397,0,0,0,0
138,2016,HUANCAVELICA,Gobierno Regional,204276,498556,199772391,160966725,3846755,3676466,0,0
139,2016,HUANCAVELICA,Gobierno Local,204276,498556,581634664,384817657,12019004,5731299,0,0
140,2016,HUANUCO,Tres niveles de gobierno,431645,866631,1261681966,917810338,26787462,20933541,0,0
141,2016,HUANUCO,Gobierno Nacional,431645,866631,325996813,247553968,0,0,0,0
142,2016,HUANUCO,Gobierno Regional,431645,866631,222468813,199654161,7712515,6995767,0,0
143,2016,HUANUCO,Gobierno Local,431645,866631,713216340,470602209,19074947,13937774,0,0
144,2016,ICA,Tres niveles de gobierno,525605,794919,721976254,422460298,14782294,10120571,0,0
145,2016,ICA,Gobierno Nacional,525605,794919,176681288,71053837,0,0,0,0
146,2016,ICA,Gobierno Regional,525605,794919,128624442,99205575,420454,307413,0,0
147,2016,ICA,Gobierno Local,525605,794919,416670524,252200886,14361840,9813158,0,0
148,2016,JUNIN,Tres niveles de gobierno,785493,1360506,1600304819,1002166969,44254784,25495207,0,0
149,2016,JUNIN,Gobierno Nacional,785493,1360506,392560053,234662737,0,0,0,0
150,2016,JUNIN,Gobierno Regional,785493,1360506,419021898,280832012,0,0,0,0
151,2016,JUNIN,Gobierno Local,785493,1360506,788722868,486672220,44254784,25495207,0,0
152,2016,LA LIBERTAD,Tres niveles de gobierno,1136638,1882405,1836173279,1332065924,16642305,13975822,0,0
153,2016,LA LIBERTAD,Gobierno Nacional,1136638,1882405,145605064,89090545,0,0,0,0
154,2016,LA LIBERTAD,Gobierno Regional,1136638,1882405,668665921,540239000,0,0,0,0
155,2016,LA LIBERTAD,Gobierno Local,1136638,1882405,1021902294,702736380,16642305,13975822,0,0
156,2016,LAMBAYEQUE,Tres niveles de gobierno,751693,1270794,1165446782,650897582,22353797,5904945,0,0
157,2016,LAMBAYEQUE,Gobierno Nacional,751693,1270794,348110460,100418047,0,0,0,0
158,2016,LAMBAYEQUE,Gobierno Regional,751693,1270794,342644343,276153957,0,0,0,0
159,2016,LAMBAYEQUE,Gobierno Local,751693,1270794,474691979,274325578,22353797,5904945,0,0
160,2016,LIMA,Tres niveles de gobierno,6533063,9989369,7533952964,5163239221,15860634,7939935,0,0
161,2016,LIMA,Gobierno Nacional,6533063,9989369,5535346088,3963581562,3203646,1601710,0,0
162,2016,LIMA,Gobierno Regional,6533063,9989369,196589101,161456859,1244222,431424,0,0
163,2016,LIMA,Gobierno Local,6533063,9989369,1802017775,1038200800,11412766,5906801,0,0
164,2016,LORETO,Tres niveles de gobierno,523205,1049364,953584567,557929359,10866909,9688965,0,0
165,2016,LORETO,Gobierno Nacional,523205,1049364,225815218,108255942,199374,0,0,0
166,2016,LORETO,Gobierno Regional,523205,1049364,225728762,129479373,11500,11500,0,0
167,2016,LORETO,Gobierno Local,523205,1049364,502040587,320194044,10656035,9677465,0,0
168,2016,MADRE DE DIOS,Tres niveles de gobierno,97938,140508,477882946,386639130,8968560,2408122,0,0
169,2016,MADRE DE DIOS,Gobierno Nacional,97938,140508,264754140,235431424,0,0,0,0
170,2016,MADRE DE DIOS,Gobierno Regional,97938,140508,142178363,107700606,939292,934410,0,0
171,2016,MADRE DE DIOS,Gobierno Local,97938,140508,70950443,43507099,8029268,1473712,0,0
172,2016,MOQUEGUA,Tres niveles de gobierno,122115,182333,660241471,455420729,8779883,4709541,0,0
173,2016,MOQUEGUA,Gobierno Nacional,122115,182333,97215515,43590528,0,0,0,0
174,2016,MOQUEGUA,Gobierno Regional,122115,182333,230390413,185283526,23734,22500,0,0
175,2016,MOQUEGUA,Gobierno Local,122115,182333,332635543,226546675,8756149,4687041,0,0
176,2016,PASCO,Tres niveles de gobierno,162935,306322,739772091,530741598,12391679,10064333,0,0
177,2016,PASCO,Gobierno Nacional,162935,306322,161973204,119847413,0,0,0,0
178,2016,PASCO,Gobierno Regional,162935,306322,291667641,236016805,5410617,5247428,0,0
179,2016,PASCO,Gobierno Local,162935,306322,286131246,174877380,6981062,4816905,0,0
180,2016,PIURA,Tres niveles de gobierno,1162618,1858617,1990225953,1312875799,21410066,17119654,0,0
181,2016,PIURA,Gobierno Nacional,1162618,1858617,649922516,478078209,0,0,0,0
182,2016,PIURA,Gobierno Regional,1162618,1858617,372211536,209902120,0,0,0,0
183,2016,PIURA,Gobierno Local,1162618,1858617,968091901,624895469,21410066,17119654,0,0
184,2016,PUNO,Tres niveles de gobierno,754533,1429098,2195036381,1593571357,15190224,8622939,0,0
185,2016,PUNO,Gobierno Nacional,754533,1429098,915196449,775786526,0,0,0,0
186,2016,PUNO,Gobierno Regional,754533,1429098,232966362,155123197,2300000,2241699,0,0
187,2016,PUNO,Gobierno Local,754533,1429098,1046873570,662661634,12890224,6381240,0,0
188,2016,SAN MARTIN,Tres niveles de gobierno,493843,851883,1206444334,912579709,13288323,7839682,0,0
189,2016,SAN MARTIN,Gobierno Nacional,493843,851883,140270292,97629471,1500000,1499069,0,0
190,2016,SAN MARTIN,Gobierno Regional,493843,851883,513464933,431232494,2787655,1724684,0,0
191,2016,SAN MARTIN,Gobierno Local,493843,851883,552709109,383717743,9000668,4615929,0,0
192,2016,TACNA,Tres niveles de gobierno,230366,346013,791826089,596129410,4315082,4219473,0,0
193,2016,TACNA,Gobierno Nacional,230366,346013,364113544,328096603,0,0,0,0
194,2016,TACNA,Gobierno Regional,230366,346013,139881089,47753164,18000,0,0,0
195,2016,TACNA,Gobierno Local,230366,346013,287831456,220279644,4297082,4219473,0,0
196,2016,TUMBES,Tres niveles de gobierno,147710,240590,363078034,194551120,2150409,605603,0,0
197,2016,TUMBES,Gobierno Nacional,147710,240590,88314861,41811938,0,0,0,0
198,2016,TUMBES,Gobierno Regional,147710,240590,98414251,63604804,295462,293842,0,0
199,2016,TUMBES,Gobierno Local,147710,240590,176348922,89134378,1854947,311761,0,0
200,2016,UCAYALI,Tres niveles de gobierno,304186,501269,1094562274,787236440,1112295,654355,0,0
201,2016,UCAYALI,Gobierno Nacional,304186,501269,450671049,374553383,0,0,0,0
202,2016,UCAYALI,Gobierno Regional,304186,501269,338007093,226134497,0,0,0,0
203,2016,UCAYALI,Gobierno Local,304186,501269,305884132,186548560,1112295,654355,0,0
204,2016,NACIONAL,Tres niveles de gobierno,19030611,31488625,39839105361,26947421503,586640818,406156522,0,0
205,2016,NACIONAL,Gobierno Nacional,19030611,31488625,14690920540,10346658097,10689804,8446228,0,0
206,2016,NACIONAL,Gobierno Regional,19030611,31488625,7616626073,5330758401,101051146,84264681,0,0
207,2016,NACIONAL,Gobierno Local,19030611,31488625,17531558748,11270005002,474899868,313445612,0,0
208,2017,AMAZONAS,Tres niveles de gobierno,236607,424952,1129962638,819665659,32105204,31115710,0,0
209,2017,AMAZONAS,Gobierno Nacional,236607,424952,373027202,336965104,3522973,3315517,0,0
210,2017,AMAZONAS,Gobierno Regional,236607,424952,1129962638,819665659,13847183,13482477,0,0
211,2017,AMAZONAS,Gobierno Local,236607,424952,428750697,245528287,14735048,14317716,0,0
212,2017,ANCASH,Tres niveles de gobierno,694742,1160490,1689048379,941581977,48745428,35666420,14464207,5551466
213,2017,ANCASH,Gobierno Nacional,694742,1160490,276341009,183065193,6573835,5886399,51000,0
214,2017,ANCASH,Gobierno Regional,694742,1160490,1689048379,941581977,3113323,1490299,0,0
215,2017,ANCASH,Gobierno Local,694742,1160490,1158732243,652321145,39058270,28289722,14413207,5551466
216,2017,APURIMAC,Tres niveles de gobierno,248674,462791,1652442878,1002907754,78796515,51894829,0,0
217,2017,APURIMAC,Gobierno Nacional,248674,462791,377566386,283702810,0,0,0,0
218,2017,APURIMAC,Gobierno Regional,248674,462791,1652442878,1002907754,35409746,23803270,0,0
219,2017,APURIMAC,Gobierno Local,248674,462791,1034646155,556826426,43386769,28091559,0,0
220,2017,AREQUIPA,Tres niveles de gobierno,911876,1315528,2513866208,1609710487,48985072,32485041,974285,123449
221,2017,AREQUIPA,Gobierno Nacional,911876,1315528,367769253,311931053,0,0,846437,0
222,2017,AREQUIPA,Gobierno Regional,911876,1315528,2513866208,1609710487,0,0,0,0
223,2017,AREQUIPA,Gobierno Local,911876,1315528,1137137674,630330859,48985072,32485041,127848,123449
224,2017,AYACUCHO,Tres niveles de gobierno,377531,703629,1823820261,1245628557,69946153,53121826,1674863,828262
225,2017,AYACUCHO,Gobierno Nacional,377531,703629,412140742,363136125,0,0,181700,0
226,2017,AYACUCHO,Gobierno Regional,377531,703629,1823820261,1245628557,12984460,12788951,0,0
227,2017,AYACUCHO,Gobierno Local,377531,703629,1015043106,636918302,56961693,40332875,1493163,828262
228,2017,CAJAMARCA,Tres niveles de gobierno,831125,1537172,2206453415,1407510067,70754800,59673118,1189917,170339
229,2017,CAJAMARCA,Gobierno Nacional,831125,1537172,395666035,314801382,540238,237000,308103,985
230,2017,CAJAMARCA,Gobierno Regional,831125,1537172,2206453415,1407510067,2350507,1559681,0,0
231,2017,CAJAMARCA,Gobierno Local,831125,1537172,1411722048,953634839,67864055,57876436,881814,169353
232,2017,CALLAO,Tres niveles de gobierno,693346,1038706,1150978968,777133823,0,0,815490,0
233,2017,CALLAO,Gobierno Nacional,693346,1038706,845283682,635945470,0,0,815490,0
234,2017,CALLAO,Gobierno Regional,693346,1038706,1150978968,777133823,0,0,0,0
235,2017,CALLAO,Gobierno Local,693346,1038706,123928896,79528540,0,0,0,0
236,2017,CUSCO,Tres niveles de gobierno,792537,1331758,2837634046,2075370405,67394254,45783675,484006,0
237,2017,CUSCO,Gobierno Nacional,792537,1331758,534035536,481645875,0,0,484006,0
238,2017,CUSCO,Gobierno Regional,792537,1331758,2837634046,2075370405,2936628,2415242,0,0
239,2017,CUSCO,Gobierno Local,792537,1331758,1822191266,1268253092,64457626,43368433,0,0
240,2017,HUANCAVELICA,Tres niveles de gobierno,203693,502084,1241404124,879605561,30926201,22312544,51708847,3458522
241,2017,HUANCAVELICA,Gobierno Nacional,203693,502084,272773068,242925189,0,0,51000,0
242,2017,HUANCAVELICA,Gobierno Regional,203693,502084,1241404124,879605561,4476868,4279835,46270980,0
243,2017,HUANCAVELICA,Gobierno Local,203693,502084,700061388,476858043,26449333,18032710,5386867,3458522
244,2017,HUANUCO,Tres niveles de gobierno,437020,872523,1579488703,1003384043,28139324,19515948,76300,0
245,2017,HUANUCO,Gobierno Nacional,437020,872523,336236135,272303154,0,0,76300,0
246,2017,HUANUCO,Gobierno Regional,437020,872523,1579488703,1003384043,2765227,2743122,0,0
247,2017,HUANUCO,Gobierno Local,437020,872523,936234654,569707154,25374097,16772826,0,0
248,2017,ICA,Tres niveles de gobierno,545934,802610,650610431,406855137,14585953,7258338,3084639,1299653
249,2017,ICA,Gobierno Nacional,545934,802610,111961534,60702768,0,0,725654,0
250,2017,ICA,Gobierno Regional,545934,802610,650610431,406855137,0,0,0,0
251,2017,ICA,Gobierno Local,545934,802610,416424054,257983692,14585953,7258338,2358985,1299653
252,2017,JUNIN,Tres niveles de gobierno,799765,1370274,1701958357,1093955839,96601362,38451657,3334281,317153
253,2017,JUNIN,Gobierno Nacional,799765,1370274,306115753,199772560,0,0,30600,0
254,2017,JUNIN,Gobierno Regional,799765,1370274,1701958357,1093955839,0,0,0,0
255,2017,JUNIN,Gobierno Local,799765,1370274,879426098,494128495,96601362,38451657,3303681,317153
256,2017,LA LIBERTAD,Tres niveles de gobierno,1181594,1905301,2006075143,1126875742,43907281,23279422,22849694,3542852
257,2017,LA LIBERTAD,Gobierno Nacional,1181594,1905301,250162151,169070792,0,0,8570379,0
258,2017,LA LIBERTAD,Gobierno Regional,1181594,1905301,2006075143,1126875742,0,0,5340480,0
259,2017,LA LIBERTAD,Gobierno Local,1181594,1905301,1212294818,797525467,43907281,23279422,8938835,3542852
260,2017,LAMBAYEQUE,Tres niveles de gobierno,775360,1280788,1377519248,949351697,27297714,10372997,16304904,564111
261,2017,LAMBAYEQUE,Gobierno Nacional,775360,1280788,506654179,431432369,0,0,10876466,0
262,2017,LAMBAYEQUE,Gobierno Regional,775360,1280788,1377519248,949351697,0,0,0,0
263,2017,LAMBAYEQUE,Gobierno Local,775360,1280788,515382213,254881603,27297714,10372997,5428438,564111
264,2017,LIMA,Tres niveles de gobierno,6773588,10143003,7022197172,4773952030,32291704,12064427,55261906,6131256
265,2017,LIMA,Gobierno Nacional,6773588,10143003,4213773448,3371092366,154874,0,41219948,395610
266,2017,LIMA,Gobierno Regional,6773588,10143003,7022197172,4773952030,99383,91879,0,0
267,2017,LIMA,Gobierno Local,6773588,10143003,2494408564,1163151136,32037447,11972549,14041958,5735646
268,2017,LORETO,Tres niveles de gobierno,537582,1058946,1369410301,830431626,34951192,14648112,9885022,7297812
269,2017,LORETO,Gobierno Nacional,537582,1058946,466037950,217572499,2175465,2175458,0,0
270,2017,LORETO,Gobierno Regional,537582,1058946,1369410301,830431626,1091417,137100,0,0
271,2017,LORETO,Gobierno Local,537582,1058946,505903676,311166811,31684310,12335554,9885022,7297812
272,2017,MADRE DE DIOS,Tres niveles de gobierno,103236,143687,479896955,409163394,9266521,3945957,107909,0
273,2017,MADRE DE DIOS,Gobierno Nacional,103236,143687,274356272,256407770,999218,673936,107909,0
274,2017,MADRE DE DIOS,Gobierno Regional,103236,143687,479896955,409163394,163878,57360,0,0
275,2017,MADRE DE DIOS,Gobierno Local,103236,143687,78703229,40862718,8103425,3214662,0,0
276,2017,MOQUEGUA,Tres niveles de gobierno,125087,184187,681954135,534002420,7004438,4697142,0,0
277,2017,MOQUEGUA,Gobierno Nacional,125087,184187,113118761,103353057,0,0,0,0
278,2017,MOQUEGUA,Gobierno Regional,125087,184187,681954135,534002420,0,0,0,0
279,2017,MOQUEGUA,Gobierno Local,125087,184187,251800371,165914189,7004438,4697142,0,0
280,2017,PASCO,Tres niveles de gobierno,164646,308465,775414573,502811384,16224137,14271566,79006,0
281,2017,PASCO,Gobierno Nacional,164646,308465,145826778,122803110,0,0,79006,0
282,2017,PASCO,Gobierno Regional,164646,308465,775414573,502811384,4995469,4781255,0,0
283,2017,PASCO,Gobierno Local,164646,308465,304048070,180803631,11228668,9490311,0,0
284,2017,PIURA,Tres niveles de gobierno,1202226,1873024,2224852690,1300349762,49103254,15941952,230853850,9659068
285,2017,PIURA,Gobierno Nacional,1202226,1873024,457661561,350753660,28107505,0,41531162,0
286,2017,PIURA,Gobierno Regional,1202226,1873024,2224852690,1300349762,52166,0,172967627,2798719
287,2017,PIURA,Gobierno Local,1202226,1873024,1049703552,696710654,20943583,15941952,16355061,6860349
288,2017,PUNO,Tres niveles de gobierno,760700,1442930,2364559930,1718109745,37412395,27599121,30704,0
289,2017,PUNO,Gobierno Nacional,760700,1442930,898093213,810507748,0,0,30704,0
290,2017,PUNO,Gobierno Regional,760700,1442930,2364559930,1718109745,3951536,3794466,0,0
291,2017,PUNO,Gobierno Local,760700,1442930,1080752252,660075821,33460859,23804655,0,0
292,2017,SAN MARTIN,Tres niveles de gobierno,508093,862822,1563036261,1178700102,80752152,41856821,3400,0
293,2017,SAN MARTIN,Gobierno Nacional,508093,862822,396431031,333611982,1900892,1900108,3400,0
294,2017,SAN MARTIN,Gobierno Regional,508093,862822,1563036261,1178700102,1498469,572693,0,0
295,2017,SAN MARTIN,Gobierno Local,508093,862822,761801772,495737304,77352791,39384021,0,0
296,2017,TACNA,Tres niveles de gobierno,238841,350105,879962590,691453140,295968,251343,144904,0
297,2017,TACNA,Gobierno Nacional,238841,350105,381745429,342424189,0,0,144904,0
298,2017,TACNA,Gobierno Regional,238841,350105,879962590,691453140,18000,18000,0,0
299,2017,TACNA,Gobierno Local,238841,350105,293812692,210810418,277968,233343,0,0
300,2017,TUMBES,Tres niveles de gobierno,152440,243362,380029886,233373253,2074797,1463176,1198653,0
301,2017,TUMBES,Gobierno Nacional,152440,243362,129272635,97727293,0,0,0,0
302,2017,TUMBES,Gobierno Regional,152440,243362,380029886,233373253,0,0,0,0
303,2017,TUMBES,Gobierno Local,152440,243362,162922969,73421703,2074797,1463176,1198653,0
304,2017,UCAYALI,Tres niveles de gobierno,318185,506881,955526438,794265852,358410,358410,102000,0
305,2017,UCAYALI,Gobierno Nacional,318185,506881,333616115,325319086,0,0,102000,0
306,2017,UCAYALI,Gobierno Regional,318185,506881,955526438,794265852,0,0,0,0
307,2017,UCAYALI,Gobierno Local,318185,506881,309877818,194204050,358410,358410,0,0
308,2017,NACIONAL,Tres niveles de gobierno,19614428,31826018,42258103730,28306149456,927920229,568029552,414628787,38943943
309,2017,NACIONAL,Gobierno Nacional,19614428,31826018,13175665858,10618972604,43975000,14188418,106236168,396595
310,2017,NACIONAL,Gobierno Regional,19614428,31826018,42258103730,28306149456,89754260,72015630,224579087,2798719
311,2017,NACIONAL,Gobierno Local,19614428,31826018,20085710275,12067284379,794190969,481825507,83813532,35748628
312,2018,AMAZONAS,Tres niveles de gobierno,241316,435422,1264437248,939844052,13650076,12147879,0,0
313,2018,AMAZONAS,Gobierno Nacional,241316,435422,416643485,362312392,3814528,2479583,0,0
314,2018,AMAZONAS,Gobierno Regional,241316,435422,411348826,268893524,6745087,6697569,0,0
315,2018,AMAZONAS,Gobierno Local,241316,435422,436444937,308638136,3090461,2970727,0,0
316,2018,ANCASH,Tres niveles de gobierno,714607,1161356,2677569355,1481196038,66304596,26124417,205520906,52049573
317,2018,ANCASH,Gobierno Nacional,714607,1161356,400266768,203080349,4791399,3070797,135656587,30444083
318,2018,ANCASH,Gobierno Regional,714607,1161356,641994793,368202049,37339010,11732051,0,0
319,2018,ANCASH,Gobierno Local,714607,1161356,1635307794,909913639,24174187,11321568,69864319,21605490
320,2018,APURIMAC,Tres niveles de gobierno,252314,453208,1739171177,1136226516,67577017,52541876,0,0
321,2018,APURIMAC,Gobierno Nacional,252314,453208,407047968,313280952,0,0,0,0
322,2018,APURIMAC,Gobierno Regional,252314,453208,340405518,209104176,51944179,40019255,0,0
323,2018,APURIMAC,Gobierno Local,252314,453208,991717691,613841387,15632838,12522622,0,0
324,2018,AREQUIPA,Tres niveles de gobierno,946490,1346854,2925867679,1772573203,51493306,29283838,49673734,3337030
325,2018,AREQUIPA,Gobierno Nacional,946490,1346854,367803120,315083219,0,0,4374973,971316
326,2018,AREQUIPA,Gobierno Regional,946490,1346854,995116290,563074620,0,0,41402898,1003122
327,2018,AREQUIPA,Gobierno Local,946490,1346854,1562948269,894415365,51493306,29283838,3895863,1362592
328,2018,AYACUCHO,Tres niveles de gobierno,384700,698045,1872138544,1294297562,61690410,39637990,86636677,11535365
329,2018,AYACUCHO,Gobierno Nacional,384700,698045,376825516,275329492,0,0,271189,104870
330,2018,AYACUCHO,Gobierno Regional,384700,698045,437819739,375842794,14888627,14169891,0,0
331,2018,AYACUCHO,Gobierno Local,384700,698045,1057493289,643125275,46801783,25468099,86365488,11430495
332,2018,CAJAMARCA,Tres niveles de gobierno,845429,1543974,2357966408,1394996213,31957778,20476207,119012080,32991484
333,2018,CAJAMARCA,Gobierno Nacional,845429,1543974,509100459,417893338,303238,234523,1675138,403008
334,2018,CAJAMARCA,Gobierno Regional,845429,1543974,584170115,199382818,3147522,1164025,0,0
335,2018,CAJAMARCA,Gobierno Local,845429,1543974,1264695834,777720057,28507018,19077659,117336942,32588476
336,2018,CALLAO,Tres niveles de gobierno,719360,1072583,932647113,581006526,7315354,0,8840000,7329960
337,2018,CALLAO,Gobierno Nacional,719360,1072583,634047422,440256692,0,0,8840000,7329960
338,2018,CALLAO,Gobierno Regional,719360,1072583,177456924,48345873,7315354,0,0,0
339,2018,CALLAO,Gobierno Local,719360,1072583,121142767,92403961,0,0,0,0
340,2018,CUSCO,Tres niveles de gobierno,812933,1340567,4095947685,3000582683,69641256,48448141,43487109,29549194
341,2018,CUSCO,Gobierno Nacional,812933,1340567,906789596,781338872,0,0,513053,83678
342,2018,CUSCO,Gobierno Regional,812933,1340567,843396005,447289768,6805835,5740807,30970757,25923020
343,2018,CUSCO,Gobierno Local,812933,1340567,2345762084,1771954043,62835421,42707333,12003299,3542497
344,2018,HUANCAVELICA,Tres niveles de gobierno,203451,477137,1050037341,716682422,25192447,16628371,68670448,2741970
345,2018,HUANCAVELICA,Gobierno Nacional,203451,477137,159806362,121852554,1642932,1626252,184216,104479
346,2018,HUANCAVELICA,Gobierno Regional,203451,477137,286570517,149705442,3831709,2821074,56359725,1160899
347,2018,HUANCAVELICA,Gobierno Local,203451,477137,603660462,445124425,19717806,12181045,12126507,1476592
348,2018,HUANUCO,Tres niveles de gobierno,442730,862782,1568341290,1094246663,18887700,13547662,159965,47145
349,2018,HUANUCO,Gobierno Nacional,442730,862782,349239243,306348852,0,0,159965,47145
350,2018,HUANUCO,Gobierno Regional,442730,862782,385151686,247001966,2588824,1144440,0,0
351,2018,HUANUCO,Gobierno Local,442730,862782,833950361,540895845,16298876,12403222,0,0
352,2018,ICA,Tres niveles de gobierno,567182,829753,1064160596,576196089,12944951,8364220,76005782,7626368
353,2018,ICA,Gobierno Nacional,567182,829753,453208456,229895930,0,0,26189079,134941
354,2018,ICA,Gobierno Regional,567182,829753,109836801,52159026,0,0,0,0
355,2018,ICA,Gobierno Local,567182,829753,501115339,294141132,12944951,8364220,49816703,7491426
356,2018,JUNIN,Tres niveles de gobierno,814863,1347364,1827055805,1206109161,71933299,49373880,3037777,2731891
357,2018,JUNIN,Gobierno Nacional,814863,1347364,401092654,343584982,0,0,51349,14074
358,2018,JUNIN,Gobierno Regional,814863,1347364,473204209,271329260,0,0,0,0
359,2018,JUNIN,Gobierno Local,814863,1347364,952758942,591194919,71933299,49373880,2986428,2717817
360,2018,LA LIBERTAD,Tres niveles de gobierno,1229196,1927650,2583649310,1121118293,67842764,30296043,384714972,56901371
361,2018,LA LIBERTAD,Gobierno Nacional,1229196,1927650,293767480,209926352,2156344,92740,37461920,7793645
362,2018,LA LIBERTAD,Gobierno Regional,1229196,1927650,744108663,145433145,0,0,25273643,599939
363,2018,LA LIBERTAD,Gobierno Local,1229196,1927650,1545773167,765758796,65686420,30203303,321979409,48507788
364,2018,LAMBAYEQUE,Tres niveles de gobierno,800444,1309881,1256900789,768157647,17529750,7181522,160539958,41545578
365,2018,LAMBAYEQUE,Gobierno Nacional,800444,1309881,363691218,197043071,7950174,0,68485626,10859452
366,2018,LAMBAYEQUE,Gobierno Regional,800444,1309881,377725925,260455018,0,0,4765333,0
367,2018,LAMBAYEQUE,Gobierno Local,800444,1309881,515483646,310659558,9579576,7181522,87288999,30686126
368,2018,LIMA,Tres niveles de gobierno,7026636,10280114,9624898234,6659777887,90432892,13343809,303416633,61652038
369,2018,LIMA,Gobierno Nacional,7026636,10280114,5528372858,4003369892,3387003,0,234280675,49983085
370,2018,LIMA,Gobierno Regional,7026636,10280114,476079828,178668011,1923646,1764834,33795495,334713
371,2018,LIMA,Gobierno Local,7026636,10280114,3620445548,2477739985,85122243,11578975,35340463,11334240
372,2018,LORETO,Tres niveles de gobierno,552950,1092198,1310079920,978774956,60497774,54438325,5122640,3368868
373,2018,LORETO,Gobierno Nacional,552950,1092198,482725868,363701165,6455875,5034574,0,0
374,2018,LORETO,Gobierno Regional,552950,1092198,302547542,265236942,2205166,1809290,0,0
375,2018,LORETO,Gobierno Local,552950,1092198,524806510,349836849,51836733,47594461,5122640,3368868
376,2018,MADRE DE DIOS,Tres niveles de gobierno,108758,152620,535282764,439138077,13231850,2288345,121688,26755
377,2018,MADRE DE DIOS,Gobierno Nacional,108758,152620,270603418,254305670,325283,325283,121688,26755
378,2018,MADRE DE DIOS,Gobierno Regional,108758,152620,185291911,132953316,1172439,699664,0,0
379,2018,MADRE DE DIOS,Gobierno Local,108758,152620,79387435,51879091,11734128,1263398,0,0
380,2018,MOQUEGUA,Tres niveles de gobierno,128240,186995,635580758,451108535,2660944,2343046,0,0
381,2018,MOQUEGUA,Gobierno Nacional,128240,186995,130732331,122896424,0,0,0,0
382,2018,MOQUEGUA,Gobierno Regional,128240,186995,214997591,138021204,0,0,0,0
383,2018,MOQUEGUA,Gobierno Local,128240,186995,289850836,190190907,2660944,2343046,0,0
384,2018,PASCO,Tres niveles de gobierno,166595,305807,861026148,505744875,12024778,8195780,79006,0
385,2018,PASCO,Gobierno Nacional,166595,305807,194573705,168356306,0,0,79006,0
386,2018,PASCO,Gobierno Regional,166595,305807,385072740,186452082,7423459,6017418,0,0
387,2018,PASCO,Gobierno Local,166595,305807,281379703,150936486,4601319,2178362,0,0
388,2018,PIURA,Tres niveles de gobierno,1243513,1898227,3303979170,1986535347,82418002,27001765,1148717338,431589223
389,2018,PIURA,Gobierno Nacional,1243513,1898227,758798669,556458782,56540062,16751292,150419676,71266653
390,2018,PIURA,Gobierno Regional,1243513,1898227,1253398455,678363713,653193,590966,641022244,229505418
391,2018,PIURA,Gobierno Local,1243513,1898227,1291782046,751712852,25224747,9659507,357275418,130817152
392,2018,PUNO,Tres niveles de gobierno,767357,1403301,2242264030,1769986214,14923492,12028201,240399,0
393,2018,PUNO,Gobierno Nacional,767357,1403301,953595891,873941242,0,0,240399,0
394,2018,PUNO,Gobierno Regional,767357,1403301,411065268,290349866,3562132,3242088,0,0
395,2018,PUNO,Gobierno Local,767357,1403301,877602871,605695105,11361360,8786113,0,0
396,2018,SAN MARTIN,Tres niveles de gobierno,523149,891704,1601876656,1109400879,153570598,47730622,14198409,6042100
397,2018,SAN MARTIN,Gobierno Nacional,523149,891704,442029376,372133460,2189620,2181364,12800,10278
398,2018,SAN MARTIN,Gobierno Regional,523149,891704,420043208,239632277,1492507,1042687,0,0
399,2018,SAN MARTIN,Gobierno Local,523149,891704,739804072,497635143,149888471,44506571,14185609,6031822
400,2018,TACNA,Tres niveles de gobierno,247798,349518,687266815,461822925,263498,237584,145769,43739
401,2018,TACNA,Gobierno Nacional,247798,349518,145663591,107683330,0,0,145769,43739
402,2018,TACNA,Gobierno Regional,247798,349518,259597851,136931143,0,0,0,0
403,2018,TACNA,Gobierno Local,247798,349518,282005373,217208452,263498,237584,0,0
404,2018,TUMBES,Tres niveles de gobierno,157447,251451,466293822,313399519,6143579,1216049,44081378,11336629
405,2018,TUMBES,Gobierno Nacional,157447,251451,160294441,135133818,1310618,1212969,9327161,343253
406,2018,TUMBES,Gobierno Regional,157447,251451,107891357,75630008,0,0,6713028,4112167
407,2018,TUMBES,Gobierno Local,157447,251451,198108024,102635693,4832961,3080,28041189,6881209
408,2018,UCAYALI,Tres niveles de gobierno,332933,541681,847586149,515026604,67397,58487,123759,28149
409,2018,UCAYALI,Gobierno Nacional,332933,541681,125699111,85108817,0,0,123759,28149
410,2018,UCAYALI,Gobierno Regional,332933,541681,373123337,217474835,0,0,0,0
411,2018,UCAYALI,Gobierno Local,332933,541681,348763701,212442952,67397,58487,0,0
412,2018,NACIONAL,Tres niveles de gobierno,20230391,32160192,49332024806,32273948886,1020195508,522934059,2722546427,762474430
413,2018,NACIONAL,Gobierno Nacional,20230391,32160192,15232419006,11560315953,90867076,33009377,678614028,179992563
414,2018,NACIONAL,Gobierno Regional,20230391,32160192,11197415099,6145932876,153038689,98656059,840303123,262639278
415,2018,NACIONAL,Gobierno Local,20230391,32160192,22902190701,14567700053,776289743,391268622,1203629276,319842590
416,2019,AMAZONAS,Tres niveles de gobierno,245782,427041,1084782775,716437123,15379804,14420318,4866888,195829
417,2019,AMAZONAS,Gobierno Nacional,245782,427041,320729318,292187003,5108678,4774792,0,0
418,2019,AMAZONAS,Gobierno Regional,245782,427041,384791435,195012366,8082593,7640535,2065201,0
419,2019,AMAZONAS,Gobierno Local,245782,427041,379262022,229237754,2188533,2004991,2801687,195829
420,2019,ANCASH,Tres niveles de gobierno,732720,1171756,3187175653,1549716342,65471546,17239150,664350855,197208058
421,2019,ANCASH,Gobierno Nacional,732720,1171756,1035382895,555884555,2728781,561273,499338260,118482110
422,2019,ANCASH,Gobierno Regional,732720,1171756,463856534,222519622,25976110,2413369,9712552,0
423,2019,ANCASH,Gobierno Local,732720,1171756,1687936224,771312164,36766655,14264508,155300043,78725948
424,2019,APURIMAC,Tres niveles de gobierno,255707,466936,1419052806,1075499422,68122188,58270887,0,0
425,2019,APURIMAC,Gobierno Nacional,255707,466936,420969609,361317984,24842618,22962776,0,0
426,2019,APURIMAC,Gobierno Regional,255707,466936,323291359,260661153,31607129,31432449,0,0
427,2019,APURIMAC,Gobierno Local,255707,466936,674791838,453520286,11672441,3875662,0,0
428,2019,AREQUIPA,Tres niveles de gobierno,979286,1350676,2772777413,1494997773,41223914,13323245,336724062,39378909
429,2019,AREQUIPA,Gobierno Nacional,979286,1350676,655658998,364373922,0,0,226551911,4039899
430,2019,AREQUIPA,Gobierno Regional,979286,1350676,829018201,466970669,2607292,1064237,84391210,22451638
431,2019,AREQUIPA,Gobierno Local,979286,1350676,1288100214,663653182,38616622,12259008,25780941,12887372
432,2019,AYACUCHO,Tres niveles de gobierno,391390,718634,1972688083,1230944435,73743244,55152362,203037748,138073281
433,2019,AYACUCHO,Gobierno Nacional,391390,718634,471560764,276407200,0,0,6355941,619017
434,2019,AYACUCHO,Gobierno Regional,391390,718634,508205947,274784337,6394843,5844040,0,0
435,2019,AYACUCHO,Gobierno Local,391390,718634,992921372,679752898,67348401,49308322,196681807,137454263
436,2019,CAJAMARCA,Tres niveles de gobierno,858915,1543104,2404773465,1355024894,58392859,28744399,314282811,156697042
437,2019,CAJAMARCA,Gobierno Nacional,858915,1543104,723128869,457085454,71990,0,28480858,2489379
438,2019,CAJAMARCA,Gobierno Regional,858915,1543104,399781885,156882435,830783,301959,0,0
439,2019,CAJAMARCA,Gobierno Local,858915,1543104,1281862711,741057005,57490086,28442440,285801953,154207664
440,2019,CALLAO,Tres niveles de gobierno,743670,1067815,1034602322,649359025,8538593,0,272968,272847
441,2019,CALLAO,Gobierno Nacional,743670,1067815,706991923,533451179,0,0,272968,272847
442,2019,CALLAO,Gobierno Regional,743670,1067815,192485037,26378795,8538593,0,0,0
443,2019,CALLAO,Gobierno Local,743670,1067815,135125362,89529050,0,0,0,0
444,2019,CUSCO,Tres niveles de gobierno,832238,1346373,3447238836,2596086820,69637748,45319475,11241433,6177299
445,2019,CUSCO,Gobierno Nacional,832238,1346373,689166058,599597315,0,0,328325,278430
446,2019,CUSCO,Gobierno Regional,832238,1346373,647948268,400096865,8747926,7399468,2452306,2451512
447,2019,CUSCO,Gobierno Local,832238,1346373,2110124510,1596392641,60889822,37920007,8460802,3447357
448,2019,HUANCAVELICA,Tres niveles de gobierno,203101,509117,1132737238,795232806,17877372,10823315,144235197,65578254
449,2019,HUANCAVELICA,Gobierno Nacional,203101,509117,291341754,262808917,1807157,1713087,14895018,1455650
450,2019,HUANCAVELICA,Gobierno Regional,203101,509117,314458071,189917226,3563042,2703713,69929464,22408687
451,2019,HUANCAVELICA,Gobierno Local,203101,509117,526937413,342506663,12507173,6406515,59410715,41713917
452,2019,HUANUCO,Tres niveles de gobierno,447924,889134,1377128420,1048121534,5261972,4589609,15501858,1759242
453,2019,HUANUCO,Gobierno Nacional,447924,889134,438267771,388218970,1850542,1841233,72540,51925
454,2019,HUANUCO,Gobierno Regional,447924,889134,334951751,274377159,1447129,1437300,8664001,611234
455,2019,HUANUCO,Gobierno Local,447924,889134,603908898,385525405,1964301,1311076,6765317,1096084
456,2019,ICA,Tres niveles de gobierno,587884,817965,1081282770,754168187,11556244,8557710,198062530,103651974
457,2019,ICA,Gobierno Nacional,587884,817965,477322079,393656392,0,0,45908410,8182905
458,2019,ICA,Gobierno Regional,587884,817965,188996117,118666843,0,0,69693008,32278033
459,2019,ICA,Gobierno Local,587884,817965,414964574,241844952,11556244,8557710,82461112,63191036
460,2019,JUNIN,Tres niveles de gobierno,828895,1389850,1444339057,877082855,67881713,38149124,10316035,3706829
461,2019,JUNIN,Gobierno Nacional,828895,1389850,242832757,199366899,0,0,36786,30181
462,2019,JUNIN,Gobierno Regional,828895,1389850,440279291,211460751,0,0,0,0
463,2019,JUNIN,Gobierno Local,828895,1389850,761227009,466255205,67881713,38149124,10279249,3676648
464,2019,LA LIBERTAD,Tres niveles de gobierno,1273336,1956389,2570843521,1465389242,93691960,62727721,992599692,506843982
465,2019,LA LIBERTAD,Gobierno Nacional,1273336,1956389,543400496,353872463,4695489,1253890,197055446,57970243
466,2019,LA LIBERTAD,Gobierno Regional,1273336,1956389,259106989,134882249,0,0,38653721,7799628
467,2019,LA LIBERTAD,Gobierno Local,1273336,1956389,1768336036,976634531,88996471,61473831,756890525,441074110
468,2019,LAMBAYEQUE,Tres niveles de gobierno,823541,1300720,1107768126,658015290,14809119,5794793,350034601,143443427
469,2019,LAMBAYEQUE,Gobierno Nacional,823541,1300720,318019269,172198520,11735427,3872185,126570047,39882387
470,2019,LAMBAYEQUE,Gobierno Regional,823541,1300720,363108578,275807749,0,0,42324431,10501563
471,2019,LAMBAYEQUE,Gobierno Local,823541,1300720,426640279,210009020,3073692,1922607,181140123,93059477
472,2019,LIMA,Tres niveles de gobierno,7263412,10458367,9300995533,6614895725,35896379,14416929,691777505,315365745
473,2019,LIMA,Gobierno Nacional,7263412,10458367,6524311888,5114431210,11501956,3387280,370986869,164531451
474,2019,LIMA,Gobierno Regional,7263412,10458367,589766163,324144238,1809513,425872,191946232,91374898
475,2019,LIMA,Gobierno Local,7263412,10458367,2186917482,1176320277,22584910,10603777,128844404,59459396
476,2019,LORETO,Tres niveles de gobierno,567424,1077831,1301875866,883368122,28625014,24615782,8547475,2313229
477,2019,LORETO,Gobierno Nacional,567424,1077831,320403835,273837053,7294071,7292327,2421697,1795
478,2019,LORETO,Gobierno Regional,567424,1077831,494565952,329253563,7051789,3879332,0,0
479,2019,LORETO,Gobierno Local,567424,1077831,486906079,280277505,14279154,13444122,6125778,2311435
480,2019,MADRE DE DIOS,Tres niveles de gobierno,114120,150181,611768532,475881773,13762044,7201409,45880,34716
481,2019,MADRE DE DIOS,Gobierno Nacional,114120,150181,294630703,272423306,0,0,45880,34716
482,2019,MADRE DE DIOS,Gobierno Regional,114120,150181,205180314,164513552,2961636,2934284,0,0
483,2019,MADRE DE DIOS,Gobierno Local,114120,150181,111957515,38944916,10800408,4267125,0,0
484,2019,MOQUEGUA,Tres niveles de gobierno,131227,187941,659695108,486104294,420363,216114,18553422,4561944
485,2019,MOQUEGUA,Gobierno Nacional,131227,187941,193004908,156678301,0,0,0,0
486,2019,MOQUEGUA,Gobierno Regional,131227,187941,185959665,133403169,10000,9590,9156989,2632270
487,2019,MOQUEGUA,Gobierno Local,131227,187941,280730535,196022823,410363,206524,9396433,1929674
488,2019,PASCO,Tres niveles de gobierno,168356,312777,888194789,632707653,12725795,10871028,17705321,2928347
489,2019,PASCO,Gobierno Nacional,168356,312777,262040704,240907991,0,0,0,0
490,2019,PASCO,Gobierno Regional,168356,312777,347629207,233572897,8672565,7137970,13096034,527785
491,2019,PASCO,Gobierno Local,168356,312777,278524878,158226764,4053230,3733058,4609287,2400562
492,2019,PIURA,Tres niveles de gobierno,1282434,1901896,4078440779,2105827245,135169742,91193935,2144344879,829554781
493,2019,PIURA,Gobierno Nacional,1282434,1901896,1054138179,694729094,89511756,62148696,393115845,130735279
494,2019,PIURA,Gobierno Regional,1282434,1901896,1400634229,446761184,1052199,965955,916630372,188227604
495,2019,PIURA,Gobierno Local,1282434,1901896,1623668371,964336967,44605787,28079285,834598662,510591898
496,2019,PUNO,Tres niveles de gobierno,773062,1471405,2054563666,1623650317,1719705,1482111,152710,140563
497,2019,PUNO,Gobierno Nacional,773062,1471405,912698331,849663594,38621,35000,152710,140563
498,2019,PUNO,Gobierno Regional,773062,1471405,399615555,251127197,628106,615546,0,0
499,2019,PUNO,Gobierno Local,773062,1471405,742249780,522859526,1052978,831565,0,0
500,2019,SAN MARTIN,Tres niveles de gobierno,537665,884795,1628962464,1091948748,211610947,59911263,31797553,9697923
501,2019,SAN MARTIN,Gobierno Nacional,537665,884795,531960998,393120556,717223,717221,0,0
502,2019,SAN MARTIN,Gobierno Regional,537665,884795,381877967,296939873,4612533,4465348,4896413,1637074
503,2019,SAN MARTIN,Gobierno Local,537665,884795,715123499,401888320,206281191,54728694,26901140,8060849
504,2019,TACNA,Tres niveles de gobierno,256285,358314,651703332,434270635,3952847,1461,83373,79223
505,2019,TACNA,Gobierno Nacional,256285,358314,149345652,105360201,0,0,83373,79223
506,2019,TACNA,Gobierno Regional,256285,358314,284001191,184310553,0,0,0,0
507,2019,TACNA,Gobierno Local,256285,358314,218356489,144599881,3952847,1461,0,0
508,2019,TUMBES,Tres niveles de gobierno,162221,248877,614273111,310244979,15068143,1271298,186932327,53844615
509,2019,TUMBES,Gobierno Nacional,162221,248877,289974955,178500860,7000938,981544,99478205,21456930
510,2019,TUMBES,Gobierno Regional,162221,248877,148111094,54997956,0,0,46979760,15306655
511,2019,TUMBES,Gobierno Local,162221,248877,176187062,76746163,8067205,289754,40474362,17081030
512,2019,UCAYALI,Tres niveles de gobierno,346909,518190,1019324663,837335000,4456574,2441253,5799967,168515
513,2019,UCAYALI,Gobierno Nacional,346909,518190,135277210,112400486,0,0,52190,42061
514,2019,UCAYALI,Gobierno Regional,346909,518190,549292473,496039154,0,0,0,0
515,2019,UCAYALI,Gobierno Local,346909,518190,334754980,228895361,4456574,2441253,5747777,126454
516,2019,NACIONAL,Tres niveles de gobierno,20807504,32526084,48846988328,31762310239,1074995829,576734691,6351267090,2581676574
517,2019,NACIONAL,Gobierno Nacional,20807504,32526084,18002559923,13602479425,168905247,111541304,2012203279,550776991
518,2019,NACIONAL,Gobierno Regional,20807504,32526084,10636913273,6123481555,124593781,80670967,1510591694,398208581
519,2019,NACIONAL,Gobierno Local,20807504,32526084,20207515132,12036349259,781496801,384522419,2828472117,1632691003
520,2020,AMAZONAS,Tres niveles de gobierno,249400,428752,1004026732,761329323,2610841,2597001,1510436,442678
521,2020,AMAZONAS,Gobierno Nacional,249400,428752,302758163,269528006,2040006,2029377,0,0
522,2020,AMAZONAS,Gobierno Regional,249400,428752,310947051,283182585,542695,542692,0,0
523,2020,AMAZONAS,Gobierno Local,249400,428752,390321518,208618732,28140,24931,1510436,442678
524,2020,ANCASH,Tres niveles de gobierno,746192,1177538,3273240154,1338237510,14352424,3974184,938417996,272370213
525,2020,ANCASH,Gobierno Nacional,746192,1177538,922365513,355520855,0,0,594147970,136307597
526,2020,ANCASH,Gobierno Regional,746192,1177538,449683288,201610257,11518683,3287109,40396012,17140010
527,2020,ANCASH,Gobierno Local,746192,1177538,1901191353,781106398,2833741,687075,303874014,118922606
528,2020,APURIMAC,Tres niveles de gobierno,258259,469831,1096323562,799796791,19091665,18839179,0,0
529,2020,APURIMAC,Gobierno Nacional,258259,469831,233064471,198902415,0,0,0,0
530,2020,APURIMAC,Gobierno Regional,258259,469831,247107743,216285934,14547325,14536720,0,0
531,2020,APURIMAC,Gobierno Local,258259,469831,616151348,384608442,4544340,4302459,0,0
532,2020,AREQUIPA,Tres niveles de gobierno,1006836,1378106,2541570529,1347604610,964058,233580,225396568,77195811
533,2020,AREQUIPA,Gobierno Nacional,1006836,1378106,343175929,210984318,0,0,133649649,38846029
534,2020,AREQUIPA,Gobierno Regional,1006836,1378106,700300609,412678890,0,0,60681886,28325741
535,2020,AREQUIPA,Gobierno Local,1006836,1378106,1498093991,723941401,964058,233580,31065033,10024041
536,2020,AYACUCHO,Tres niveles de gobierno,396790,726455,1800190812,1112889289,7860214,6248257,138522383,84002120
537,2020,AYACUCHO,Gobierno Nacional,396790,726455,180440388,159150598,0,0,1768862,622306
538,2020,AYACUCHO,Gobierno Regional,396790,726455,464045691,296856952,1548775,1481569,1317011,0
539,2020,AYACUCHO,Gobierno Local,396790,726455,1155704733,656881739,6311439,4766687,135436510,83379814
540,2020,CAJAMARCA,Tres niveles de gobierno,869759,1546741,2546484901,1305774062,2345632,1947474,237308219,118714497
541,2020,CAJAMARCA,Gobierno Nacional,869759,1546741,558321933,431395646,109003,106502,21422945,11710448
542,2020,CAJAMARCA,Gobierno Regional,869759,1546741,425556920,132076603,1433128,1357588,660240,0
543,2020,CAJAMARCA,Gobierno Local,869759,1546741,1562606048,742301813,803501,483383,215225034,107004049
544,2020,CALLAO,Tres niveles de gobierno,763229,1083142,710638704,532278767,0,0,0,0
545,2020,CALLAO,Gobierno Nacional,763229,1083142,451977370,396991309,0,0,0,0
546,2020,CALLAO,Gobierno Regional,763229,1083142,122415999,65464884,0,0,0,0
547,2020,CALLAO,Gobierno Local,763229,1083142,136245335,69822575,0,0,0,0
548,2020,CUSCO,Tres niveles de gobierno,848458,1354360,2996366316,2152264416,24395109,23694324,7596081,6897542
549,2020,CUSCO,Gobierno Nacional,848458,1354360,725415888,504993505,0,0,4701,0
550,2020,CUSCO,Gobierno Regional,848458,1354360,495721319,362823135,6993889,6938827,2577935,2577935
551,2020,CUSCO,Gobierno Local,848458,1354360,1775229109,1284447776,17401220,16755498,5013445,4319607
552,2020,HUANCAVELICA,Tres niveles de gobierno,202193,512952,1011207788,631804884,8393036,8093901,125624551,49333299
553,2020,HUANCAVELICA,Gobierno Nacional,202193,512952,220959660,161430892,3670941,3670180,21254266,5460315
554,2020,HUANCAVELICA,Gobierno Regional,202193,512952,256066435,156643658,4184325,4080799,50392920,16170987
555,2020,HUANCAVELICA,Gobierno Local,202193,512952,534181693,313730335,537770,342922,53977365,27701997
556,2020,HUANUCO,Tres niveles de gobierno,451744,917192,1259558330,906719599,5206816,5013546,24293109,10312796
557,2020,HUANUCO,Gobierno Nacional,451744,917192,362879545,329302988,3009704,3005126,0,0
558,2020,HUANUCO,Gobierno Regional,451744,917192,294876038,234793476,2096620,1984039,8000201,6453605
559,2020,HUANUCO,Gobierno Local,451744,917192,601802747,342623135,100492,24380,16292908,3859191
560,2020,ICA,Tres niveles de gobierno,606554,825976,1117825985,543673911,79918,0,432860451,109532712
561,2020,ICA,Gobierno Nacional,606554,825976,334569831,252419555,0,0,119258563,59800097
562,2020,ICA,Gobierno Regional,606554,825976,335333597,92640130,74723,0,262575802,32773669
563,2020,ICA,Gobierno Local,606554,825976,447922557,198614226,5195,0,51026086,16958947
564,2020,JUNIN,Tres niveles de gobierno,839976,1400043,1239145516,784574688,704477,641812,10311579,6056056
565,2020,JUNIN,Gobierno Nacional,839976,1400043,189812261,143097688,0,0,0,0
566,2020,JUNIN,Gobierno Regional,839976,1400043,314731447,240018159,0,0,0,0
567,2020,JUNIN,Gobierno Local,839976,1400043,734601808,401458841,704477,641812,10311579,6056056
568,2020,LA LIBERTAD,Tres niveles de gobierno,1307923,1990361,2815314558,1429960257,1025882,806085,1274748066,559845019
569,2020,LA LIBERTAD,Gobierno Nacional,1307923,1990361,745779901,435029611,0,0,347238929,125772743
570,2020,LA LIBERTAD,Gobierno Regional,1307923,1990361,291642717,166033208,0,0,77616966,36917956
571,2020,LA LIBERTAD,Gobierno Local,1307923,1990361,1777891940,828897439,1025882,806085,849892171,397154320
572,2020,LAMBAYEQUE,Tres niveles de gobierno,841252,1311219,1542199490,898180497,0,0,835399375,450805477
573,2020,LAMBAYEQUE,Gobierno Nacional,841252,1311219,611610911,399196379,0,0,463098774,299043012
574,2020,LAMBAYEQUE,Gobierno Regional,841252,1311219,330847863,262967418,0,0,55148659,27248018
575,2020,LAMBAYEQUE,Gobierno Local,841252,1311219,599740716,236016699,0,0,317151942,124514448
576,2020,LIMA,Tres niveles de gobierno,7455078,10624449,8150183453,6044761056,572640,296616,610713543,330625126
577,2020,LIMA,Gobierno Nacional,7455078,10624449,5677471151,4673331861,24500,23127,339499339,155602667
578,2020,LIMA,Gobierno Regional,7455078,10624449,340433067,252650925,0,0,86297201,52993516
579,2020,LIMA,Gobierno Local,7455078,10624449,2132279235,1118778270,548140,273489,184917003,122028943
580,2020,LORETO,Tres niveles de gobierno,579123,1088076,1437705110,964245746,37975798,32076803,23315332,15995377
581,2020,LORETO,Gobierno Nacional,579123,1088076,329221773,279949305,7814847,7814843,1725881,0
582,2020,LORETO,Gobierno Regional,579123,1088076,602666530,370404381,30152126,24261960,354750,300626
583,2020,LORETO,Gobierno Local,579123,1088076,505816807,313892060,8825,0,21234701,15694751
584,2020,MADRE DE DIOS,Tres niveles de gobierno,118956,153674,492989863,427400740,32967,19000,4701,1419
585,2020,MADRE DE DIOS,Gobierno Nacional,118956,153674,260199526,254024983,0,0,4701,1419
586,2020,MADRE DE DIOS,Gobierno Regional,118956,153674,132442593,114992937,0,0,0,0
587,2020,MADRE DE DIOS,Gobierno Local,118956,153674,100347744,58382820,32967,19000,0,0
588,2020,MOQUEGUA,Tres niveles de gobierno,133685,189910,619217422,464596705,46264,39732,28216302,12394196
589,2020,MOQUEGUA,Gobierno Nacional,133685,189910,163317742,155501884,0,0,0,0
590,2020,MOQUEGUA,Gobierno Regional,133685,189910,166746041,149548223,0,0,6385841,5470439
591,2020,MOQUEGUA,Gobierno Local,133685,189910,289153639,159546598,46264,39732,21830461,6923757
592,2020,PASCO,Tres niveles de gobierno,169519,315073,595735044,411388022,95948,82173,14776974,12810812
593,2020,PASCO,Gobierno Nacional,169519,315073,131326052,106634938,0,0,0,0
594,2020,PASCO,Gobierno Regional,169519,315073,204250403,154556994,0,0,12568248,11094385
595,2020,PASCO,Gobierno Local,169519,315073,260158589,150196090,95948,82173,2208726,1716427
596,2020,PIURA,Tres niveles de gobierno,1314938,1917139,4419052034,2319275827,4831924,3776190,2725993351,1235665552
597,2020,PIURA,Gobierno Nacional,1314938,1917139,1362112447,722633885,0,0,895002461,297982454
598,2020,PIURA,Gobierno Regional,1314938,1917139,1246658130,648048327,2934046,2934045,870007214,439069751
599,2020,PIURA,Gobierno Local,1314938,1917139,1810281457,948593615,1897878,842146,960983676,498613346
600,2020,PUNO,Tres niveles de gobierno,776398,1486225,1816605458,1430993232,156000,155605,984473,464386
601,2020,PUNO,Gobierno Nacional,776398,1486225,709338703,644476680,0,0,251320,174800
602,2020,PUNO,Gobierno Regional,776398,1486225,314140003,285072069,0,0,0,0
603,2020,PUNO,Gobierno Local,776398,1486225,793126752,501444482,156000,155605,733153,289586
604,2020,SAN MARTIN,Tres niveles de gobierno,550312,896452,1232899512,849214745,3209748,3203556,41369327,27066676
605,2020,SAN MARTIN,Gobierno Nacional,550312,896452,218805742,200840687,0,0,0,0
606,2020,SAN MARTIN,Gobierno Regional,550312,896452,287958905,257457618,3117636,3111445,7508892,5728524
607,2020,SAN MARTIN,Gobierno Local,550312,896452,726134865,390916440,92112,92111,33860435,21338152
608,2020,TACNA,Tres niveles de gobierno,263372,362641,644157454,485495496,0,0,20527357,216160
609,2020,TACNA,Gobierno Nacional,263372,362641,83979264,57719697,0,0,0,0
610,2020,TACNA,Gobierno Regional,263372,362641,263983483,236159226,0,0,0,0
611,2020,TACNA,Gobierno Local,263372,362641,296194707,191616573,0,0,20527357,216160
612,2020,TUMBES,Tres niveles de gobierno,166252,251878,717321712,335123178,341405,289795,304269428,97754599
613,2020,TUMBES,Gobierno Nacional,166252,251878,323755113,173168280,0,0,193663745,65665038
614,2020,TUMBES,Gobierno Regional,166252,251878,169340373,63463114,311405,289795,58773115,3151416
615,2020,TUMBES,Gobierno Local,166252,251878,224226226,98491784,30000,0,51832568,28938145
616,2020,UCAYALI,Tres niveles de gobierno,358578,524376,709691889,534238294,1732366,1210382,5621322,4536930
617,2020,UCAYALI,Gobierno Nacional,358578,524376,100360692,84006182,0,0,0,0
618,2020,UCAYALI,Gobierno Regional,358578,524376,353175759,293055611,0,0,0,0
619,2020,UCAYALI,Gobierno Local,358578,524376,256155438,157176501,1732366,1210382,5621322,4536930
620,2020,NACIONAL,Tres niveles de gobierno,21274776,32932561,45789652328,28811821645,136025132,113239195,0,0
621,2020,NACIONAL,Gobierno Nacional,21274776,32932561,15543019969,11600232147,16669001,16649155,3131992106,1196988925
622,2020,NACIONAL,Gobierno Regional,21274776,32932561,9121072004,5949484714,79455376,64806588,1601262893,685416578
623,2020,NACIONAL,Gobierno Local,21274776,32932561,21125560355,11262104784,39900755,31783450,3294525925,1600633951
