Departamento,Year,celda,Electores,Poblacion,PIM,Devengado,PIMCC,DevengadoCC,PIMFONDES,DevengadoFONDES
AMAZONAS,2015,Tres niveles de gobierno,228936,422629,892852469,735523335,12014639,8975173,0,0
AMAZONAS,2015,Gobierno Nacional,228936,422629,356715282,341393096,0,0,0,0
AMAZONAS,2015,Gobierno Regional,228936,422629,202960280,166339112,10954817,8416612,0,0
AMAZONAS,2015,Gobierno Local,228936,422629,333176907,227791128,1059822,558561,0,0
ANCASH,2015,Tres niveles de gobierno,661380,1148634,1242315262,679241101,31174571,15649715,0,0
ANCASH,2015,Gobierno Nacional,661380,1148634,310864153,204035672,5475838,5432688,0,0
ANCASH,2015,Gobierno Regional,661380,1148634,198847827,49365547,5097026,0,0,0
ANCASH,2015,Gobierno Local,661380,1148634,732603282,425839882,20601707,10217027,0,0
APURIMAC,2015,Tres niveles de gobierno,242965,458830,1317800243,766673289,76384514,67042316,0,0
APURIMAC,2015,Gobierno Nacional,242965,458830,285978405,245439798,0,0,0,0
APURIMAC,2015,Gobierno Regional,242965,458830,281882101,232279264,64977212,64445362,0,0
APURIMAC,2015,Gobierno Local,242965,458830,749939737,288954227,11407302,2596954,0,0
AREQUIPA,2015,Tres niveles de gobierno,850913,1287205,1863827690,1171034749,17053807,4458292,0,0
AREQUIPA,2015,Gobierno Nacional,850913,1287205,441067814,398115057,0,0,0,0
AREQUIPA,2015,Gobierno Regional,850913,1287205,427091997,260342001,0,0,0,0
AREQUIPA,2015,Gobierno Local,850913,1287205,995667879,512577692,17053807,4458292,0,0
AYACUCHO,2015,Tres niveles de gobierno,364963,688657,1848001082,1486547059,28783844,18953511,0,0
AYACUCHO,2015,Gobierno Nacional,364963,688657,622178227,548419298,0,0,0,0
AYACUCHO,2015,Gobierno Regional,364963,688657,476648674,405176951,5244084,4495529,0,0
AYACUCHO,2015,Gobierno Local,364963,688657,749174181,532950809,23539760,14457982,0,0
CAJAMARCA,2015,Tres niveles de gobierno,807357,1529755,2141284200,1549619670,47285818,19916052,0,0
CAJAMARCA,2015,Gobierno Nacional,807357,1529755,853750140,763000164,1697921,1645666,0,0
CAJAMARCA,2015,Gobierno Regional,807357,1529755,251720851,151759335,2751081,2247326,0,0
CAJAMARCA,2015,Gobierno Local,807357,1529755,1035813209,634860171,42836816,16023059,0,0
CALLAO,2015,Tres niveles de gobierno,648367,1010315,2518437431,2413553099,0,0,0,0
CALLAO,2015,Gobierno Nacional,648367,1010315,2249658780,2204877859,0,0,0,0
CALLAO,2015,Gobierno Regional,648367,1010315,169383787,131696292,0,0,0,0
CALLAO,2015,Gobierno Local,648367,1010315,99394864,76978948,0,0,0,0
CUSCO,2015,Tres niveles de gobierno,756348,1316729,3444032663,2924104532,62364897,54896719,0,0
CUSCO,2015,Gobierno Nacional,756348,1316729,1099640843,1015690613,603398,603397,0,0
CUSCO,2015,Gobierno Regional,756348,1316729,533010683,429793963,5893238,5838026,0,0
CUSCO,2015,Gobierno Local,756348,1316729,1811381137,1478619956,55868261,48455296,0,0
HUANCAVELICA,2015,Tres niveles de gobierno,205637,494963,1199841306,992439118,9097906,8662727,0,0
HUANCAVELICA,2015,Gobierno Nacional,205637,494963,510338198,459546277,0,0,0,0
HUANCAVELICA,2015,Gobierno Regional,205637,494963,224154972,186529656,6305682,6204268,0,0
HUANCAVELICA,2015,Gobierno Local,205637,494963,465348136,346363185,2792224,2458460,0,0
HUANUCO,2015,Tres niveles de gobierno,427449,860537,1099071597,814417258,22438180,19660047,0,0
HUANUCO,2015,Gobierno Nacional,427449,860537,267277312,229655633,4102962,4079349,0,0
HUANUCO,2015,Gobierno Regional,427449,860537,236146611,218625287,8010589,8007174,0,0
HUANUCO,2015,Gobierno Local,427449,860537,595647674,366136337,10324629,7573524,0,0
ICA,2015,Tres niveles de gobierno,507681,787170,651330003,450383657,15422096,8520175,0,0
ICA,2015,Gobierno Nacional,507681,787170,91373518,71857467,0,0,0,0
ICA,2015,Gobierno Regional,507681,787170,110254960,93028838,0,0,0,0
ICA,2015,Gobierno Local,507681,787170,449701525,285497352,15422096,8520175,0,0
JUNIN,2015,Tres niveles de gobierno,773922,1350783,1274724016,907968905,17715166,4054177,0,0
JUNIN,2015,Gobierno Nacional,773922,1350783,257864614,206777549,0,0,0,0
JUNIN,2015,Gobierno Regional,773922,1350783,326368694,279574173,407577,357381,0,0
JUNIN,2015,Gobierno Local,773922,1350783,690490708,421617183,17307589,3696796,0,0
LA LIBERTAD,2015,Tres niveles de gobierno,1100416,1859640,1871295615,1409601755,5205846,3231401,0,0
LA LIBERTAD,2015,Gobierno Nacional,1100416,1859640,318827934,289174736,0,0,0,0
LA LIBERTAD,2015,Gobierno Regional,1100416,1859640,632180628,555634833,0,0,0,0
LA LIBERTAD,2015,Gobierno Local,1100416,1859640,920287053,564792186,5205846,3231401,0,0
LAMBAYEQUE,2015,Tres niveles de gobierno,732843,1260650,984539624,657917504,11289619,9846163,0,0
LAMBAYEQUE,2015,Gobierno Nacional,732843,1260650,141239255,102937709,0,0,0,0
LAMBAYEQUE,2015,Gobierno Regional,732843,1260650,375462889,290365618,0,0,0,0
LAMBAYEQUE,2015,Gobierno Local,732843,1260650,467837480,264614177,11289619,9846163,0,0
LIMA,2015,Tres niveles de gobierno,6333911,9838251,7652654119,6480901318,16381226,14508712,0,0
LIMA,2015,Gobierno Nacional,6333911,9838251,5743241013,5232357067,3345096,3345096,0,0
LIMA,2015,Gobierno Regional,6333911,9838251,234410954,197557109,470971,470927,0,0
LIMA,2015,Gobierno Local,6333911,9838251,1675002152,1050987142,12565159,10692689,0,0
LORETO,2015,Tres niveles de gobierno,511703,1039372,761776678,606140063,6477355,2941772,0,0
LORETO,2015,Gobierno Nacional,511703,1039372,208734700,156784105,0,0,0,0
LORETO,2015,Gobierno Regional,511703,1039372,187421714,175160181,2213019,0,0,0
LORETO,2015,Gobierno Local,511703,1039372,365620264,274195778,4264336,2941772,0,0
MADRE DE DIOS,2015,Tres niveles de gobierno,93243,137316,448947878,387387002,2665300,2563655,0,0
MADRE DE DIOS,2015,Gobierno Nacional,93243,137316,265034313,245099247,0,0,0,0
MADRE DE DIOS,2015,Gobierno Regional,93243,137316,140627124,109215042,2640444,2543999,0,0
MADRE DE DIOS,2015,Gobierno Local,93243,137316,43286441,33072712,24856,19655,0,0
MOQUEGUA,2015,Tres niveles de gobierno,119686,180477,550134445,359186288,2339618,1570546,0,0
MOQUEGUA,2015,Gobierno Nacional,119686,180477,80817079,35045060,0,0,0,0
MOQUEGUA,2015,Gobierno Regional,119686,180477,156543635,135427255,241462,208426,0,0
MOQUEGUA,2015,Gobierno Local,119686,180477,312773731,188713973,2098156,1362120,0,0
PASCO,2015,Tres niveles de gobierno,161868,304158,644975703,511779170,19634465,17470066,0,0
PASCO,2015,Gobierno Nacional,161868,304158,183646858,172289933,0,0,0,0
PASCO,2015,Gobierno Regional,161868,304158,211884649,172137551,9218628,9084565,0,0
PASCO,2015,Gobierno Local,161868,304158,249444196,167351686,10415837,8385501,0,0
PIURA,2015,Tres niveles de gobierno,1128746,1844129,1967780575,1628653848,9476639,4241743,0,0
PIURA,2015,Gobierno Nacional,1128746,1844129,684177301,642567841,47200,47200,0,0
PIURA,2015,Gobierno Regional,1128746,1844129,315904308,268276271,163077,88636,0,0
PIURA,2015,Gobierno Local,1128746,1844129,967698966,717809735,9266362,4105907,0,0
PUNO,2015,Tres niveles de gobierno,750285,1415608,1873653581,1295697108,7960321,4479475,0,0
PUNO,2015,Gobierno Nacional,750285,1415608,651263232,558376805,0,0,0,0
PUNO,2015,Gobierno Regional,750285,1415608,233053728,179806090,2276606,2276603,0,0
PUNO,2015,Gobierno Local,750285,1415608,989336621,557514213,5683715,2202872,0,0
SAN MARTIN,2015,Tres niveles de gobierno,481748,840790,1322987725,1081917090,14159635,12682696,0,0
SAN MARTIN,2015,Gobierno Nacional,481748,840790,187889318,155781020,0,0,0,0
SAN MARTIN,2015,Gobierno Regional,481748,840790,665581804,599241513,3035124,1937841,0,0
SAN MARTIN,2015,Gobierno Local,481748,840790,469516603,326894557,11124511,10744854,0,0
TACNA,2015,Tres niveles de gobierno,223313,341838,454080628,347016020,5219052,4963656,0,0
TACNA,2015,Gobierno Nacional,223313,341838,51462886,33553840,0,0,0,0
TACNA,2015,Gobierno Regional,223313,341838,92580654,70572986,0,0,0,0
TACNA,2015,Gobierno Local,223313,341838,310037088,242889194,5219052,4963656,0,0
TUMBES,2015,Tres niveles de gobierno,143767,237685,332738639,229257269,1015028,883104,0,0
TUMBES,2015,Gobierno Nacional,143767,237685,82324840,60295946,0,0,0,0
TUMBES,2015,Gobierno Regional,143767,237685,82733322,44671609,329622,293417,0,0
TUMBES,2015,Gobierno Local,143767,237685,167680477,124289713,685406,589686,0,0
UCAYALI,2015,Tres niveles de gobierno,292487,495522,702498307,574855205,201392,25034,0,0
UCAYALI,2015,Gobierno Nacional,292487,495522,276818687,252825680,0,0,0,0
UCAYALI,2015,Gobierno Regional,292487,495522,194553084,146712852,0,0,0,0
UCAYALI,2015,Gobierno Local,292487,495522,231126536,175316673,201392,25034,0,0
NACIONAL,2015,Tres niveles de gobierno,18549934,31151643,39061581479,30461815412,441760934,310196927,0,0
NACIONAL,2015,Gobierno Nacional,18549934,31151643,16222184702,14625897472,15272415,15153396,0,0
NACIONAL,2015,Gobierno Regional,18549934,31151643,6961409930,5549289329,130230259,116916092,0,0
NACIONAL,2015,Gobierno Local,18549934,31151643,15877986847,10286628609,296258260,178127436,0,0
AMAZONAS,2016,Tres niveles de gobierno,232278,423898,933424894,678069135,12701218,10974041,0,0
AMAZONAS,2016,Gobierno Nacional,232278,423898,364449514,285503259,19110,5919,0,0
AMAZONAS,2016,Gobierno Regional,232278,423898,240859631,173227726,8733077,8093099,0,0
AMAZONAS,2016,Gobierno Local,232278,423898,328115749,219338149,3949031,2875024,0,0
ANCASH,2016,Tres niveles de gobierno,676037,1154639,1326827022,706158454,42978803,27144491,0,0
ANCASH,2016,Gobierno Nacional,676037,1154639,246615505,115397006,5358697,4930559,0,0
ANCASH,2016,Gobierno Regional,676037,1154639,206609319,54698683,6328136,3303304,0,0
ANCASH,2016,Gobierno Local,676037,1154639,873602198,536062765,31291970,18910627,0,0
APURIMAC,2016,Tres niveles de gobierno,245364,460868,1441580350,888306472,70815918,56818386,0,0
APURIMAC,2016,Gobierno Nacional,245364,460868,237600276,161101642,0,0,0,0
APURIMAC,2016,Gobierno Regional,245364,460868,229114720,156637698,38692447,38137233,0,0
APURIMAC,2016,Gobierno Local,245364,460868,974865354,570567132,32123471,18681152,0,0
AREQUIPA,2016,Tres niveles de gobierno,878878,1301298,2009221200,1234891463,21265078,8681053,0,0
AREQUIPA,2016,Gobierno Nacional,878878,1301298,377705625,238774950,0,0,0,0
AREQUIPA,2016,Gobierno Regional,878878,1301298,567981002,373840425,0,0,0,0
AREQUIPA,2016,Gobierno Local,878878,1301298,1063534573,622276088,21265078,8681053,0,0
AYACUCHO,2016,Tres niveles de gobierno,370683,696152,1579456042,1068288281,58807292,41002405,0,0
AYACUCHO,2016,Gobierno Nacional,370683,696152,377402007,277671956,0,0,0,0
AYACUCHO,2016,Gobierno Regional,370683,696152,367847580,270392967,14238996,6163049,0,0
AYACUCHO,2016,Gobierno Local,370683,696152,834206455,520223358,44568296,34839356,0,0
CAJAMARCA,2016,Tres niveles de gobierno,817826,1533783,2196422656,1343265086,66125734,50231057,0,0
CAJAMARCA,2016,Gobierno Nacional,817826,1533783,622856383,405775224,398700,398694,0,0
CAJAMARCA,2016,Gobierno Regional,817826,1533783,306204250,150003394,2298135,1376131,0,0
CAJAMARCA,2016,Gobierno Local,817826,1533783,1267362023,787486468,63428899,48456231,0,0
CALLAO,2016,Tres niveles de gobierno,668669,1024439,1398826506,886319342,0,0,0,0
CALLAO,2016,Gobierno Nacional,668669,1024439,958056338,592262687,0,0,0,0
CALLAO,2016,Gobierno Regional,668669,1024439,302837728,219659030,0,0,0,0
CALLAO,2016,Gobierno Local,668669,1024439,137932440,74397625,0,0,0,0
CUSCO,2016,Tres niveles de gobierno,773014,1324371,3155809150,2394079507,58926310,51594636,0,0
CUSCO,2016,Gobierno Nacional,773014,1324371,799748056,574784843,10277,10277,0,0
CUSCO,2016,Gobierno Regional,773014,1324371,632474491,421559603,5750149,5304732,0,0
CUSCO,2016,Gobierno Local,773014,1324371,1723586603,1397735061,53165884,46279628,0,0
HUANCAVELICA,2016,Tres niveles de gobierno,204276,498556,1205347337,931728780,15865759,9407765,0,0
HUANCAVELICA,2016,Gobierno Nacional,204276,498556,423940282,385944397,0,0,0,0
HUANCAVELICA,2016,Gobierno Regional,204276,498556,199772391,160966725,3846755,3676466,0,0
HUANCAVELICA,2016,Gobierno Local,204276,498556,581634664,384817657,12019004,5731299,0,0
HUANUCO,2016,Tres niveles de gobierno,431645,866631,1261681966,917810338,26787462,20933541,0,0
HUANUCO,2016,Gobierno Nacional,431645,866631,325996813,247553968,0,0,0,0
HUANUCO,2016,Gobierno Regional,431645,866631,222468813,199654161,7712515,6995767,0,0
HUANUCO,2016,Gobierno Local,431645,866631,713216340,470602209,19074947,13937774,0,0
ICA,2016,Tres niveles de gobierno,525605,794919,721976254,422460298,14782294,10120571,0,0
ICA,2016,Gobierno Nacional,525605,794919,176681288,71053837,0,0,0,0
ICA,2016,Gobierno Regional,525605,794919,128624442,99205575,420454,307413,0,0
ICA,2016,Gobierno Local,525605,794919,416670524,252200886,14361840,9813158,0,0
JUNIN,2016,Tres niveles de gobierno,785493,1360506,1600304819,1002166969,44254784,25495207,0,0
JUNIN,2016,Gobierno Nacional,785493,1360506,392560053,234662737,0,0,0,0
JUNIN,2016,Gobierno Regional,785493,1360506,419021898,280832012,0,0,0,0
JUNIN,2016,Gobierno Local,785493,1360506,788722868,486672220,44254784,25495207,0,0
LA LIBERTAD,2016,Tres niveles de gobierno,1136638,1882405,1836173279,1332065924,16642305,13975822,0,0
LA LIBERTAD,2016,Gobierno Nacional,1136638,1882405,145605064,89090545,0,0,0,0
LA LIBERTAD,2016,Gobierno Regional,1136638,1882405,668665921,540239000,0,0,0,0
LA LIBERTAD,2016,Gobierno Local,1136638,1882405,1021902294,702736380,16642305,13975822,0,0
LAMBAYEQUE,2016,Tres niveles de gobierno,751693,1270794,1165446782,650897582,22353797,5904945,0,0
LAMBAYEQUE,2016,Gobierno Nacional,751693,1270794,348110460,100418047,0,0,0,0
LAMBAYEQUE,2016,Gobierno Regional,751693,1270794,342644343,276153957,0,0,0,0
LAMBAYEQUE,2016,Gobierno Local,751693,1270794,474691979,274325578,22353797,5904945,0,0
LIMA,2016,Tres niveles de gobierno,6533063,9989369,7533952964,5163239221,15860634,7939935,0,0
LIMA,2016,Gobierno Nacional,6533063,9989369,5535346088,3963581562,3203646,1601710,0,0
LIMA,2016,Gobierno Regional,6533063,9989369,196589101,161456859,1244222,431424,0,0
LIMA,2016,Gobierno Local,6533063,9989369,1802017775,1038200800,11412766,5906801,0,0
LORETO,2016,Tres niveles de gobierno,523205,1049364,953584567,557929359,10866909,9688965,0,0
LORETO,2016,Gobierno Nacional,523205,1049364,225815218,108255942,199374,0,0,0
LORETO,2016,Gobierno Regional,523205,1049364,225728762,129479373,11500,11500,0,0
LORETO,2016,Gobierno Local,523205,1049364,502040587,320194044,10656035,9677465,0,0
MADRE DE DIOS,2016,Tres niveles de gobierno,97938,140508,477882946,386639130,8968560,2408122,0,0
MADRE DE DIOS,2016,Gobierno Nacional,97938,140508,264754140,235431424,0,0,0,0
MADRE DE DIOS,2016,Gobierno Regional,97938,140508,142178363,107700606,939292,934410,0,0
MADRE DE DIOS,2016,Gobierno Local,97938,140508,70950443,43507099,8029268,1473712,0,0
MOQUEGUA,2016,Tres niveles de gobierno,122115,182333,660241471,455420729,8779883,4709541,0,0
MOQUEGUA,2016,Gobierno Nacional,122115,182333,97215515,43590528,0,0,0,0
MOQUEGUA,2016,Gobierno Regional,122115,182333,230390413,185283526,23734,22500,0,0
MOQUEGUA,2016,Gobierno Local,122115,182333,332635543,226546675,8756149,4687041,0,0
PASCO,2016,Tres niveles de gobierno,162935,306322,739772091,530741598,12391679,10064333,0,0
PASCO,2016,Gobierno Nacional,162935,306322,161973204,119847413,0,0,0,0
PASCO,2016,Gobierno Regional,162935,306322,291667641,236016805,5410617,5247428,0,0
PASCO,2016,Gobierno Local,162935,306322,286131246,174877380,6981062,4816905,0,0
PIURA,2016,Tres niveles de gobierno,1162618,1858617,1990225953,1312875799,21410066,17119654,0,0
PIURA,2016,Gobierno Nacional,1162618,1858617,649922516,478078209,0,0,0,0
PIURA,2016,Gobierno Regional,1162618,1858617,372211536,209902120,0,0,0,0
PIURA,2016,Gobierno Local,1162618,1858617,968091901,624895469,21410066,17119654,0,0
PUNO,2016,Tres niveles de gobierno,754533,1429098,2195036381,1593571357,15190224,8622939,0,0
PUNO,2016,Gobierno Nacional,754533,1429098,915196449,775786526,0,0,0,0
PUNO,2016,Gobierno Regional,754533,1429098,232966362,155123197,2300000,2241699,0,0
PUNO,2016,Gobierno Local,754533,1429098,1046873570,662661634,12890224,6381240,0,0
SAN MARTIN,2016,Tres niveles de gobierno,493843,851883,1206444334,912579709,13288323,7839682,0,0
SAN MARTIN,2016,Gobierno Nacional,493843,851883,140270292,97629471,1500000,1499069,0,0
SAN MARTIN,2016,Gobierno Regional,493843,851883,513464933,431232494,2787655,1724684,0,0
SAN MARTIN,2016,Gobierno Local,493843,851883,552709109,383717743,9000668,4615929,0,0
TACNA,2016,Tres niveles de gobierno,230366,346013,791826089,596129410,4315082,4219473,0,0
TACNA,2016,Gobierno Nacional,230366,346013,364113544,328096603,0,0,0,0
TACNA,2016,Gobierno Regional,230366,346013,139881089,47753164,18000,0,0,0
TACNA,2016,Gobierno Local,230366,346013,287831456,220279644,4297082,4219473,0,0
TUMBES,2016,Tres niveles de gobierno,147710,240590,363078034,194551120,2150409,605603,0,0
TUMBES,2016,Gobierno Nacional,147710,240590,88314861,41811938,0,0,0,0
TUMBES,2016,Gobierno Regional,147710,240590,98414251,63604804,295462,293842,0,0
TUMBES,2016,Gobierno Local,147710,240590,176348922,89134378,1854947,311761,0,0
UCAYALI,2016,Tres niveles de gobierno,304186,501269,1094562274,787236440,1112295,654355,0,0
UCAYALI,2016,Gobierno Nacional,304186,501269,450671049,374553383,0,0,0,0
UCAYALI,2016,Gobierno Regional,304186,501269,338007093,226134497,0,0,0,0
UCAYALI,2016,Gobierno Local,304186,501269,305884132,186548560,1112295,654355,0,0
NACIONAL,2016,Tres niveles de gobierno,19030611,31488625,39839105361,26947421503,586640818,406156522,0,0
NACIONAL,2016,Gobierno Nacional,19030611,31488625,14690920540,10346658097,10689804,8446228,0,0
NACIONAL,2016,Gobierno Regional,19030611,31488625,7616626073,5330758401,101051146,84264681,0,0
NACIONAL,2016,Gobierno Local,19030611,31488625,17531558748,11270005002,474899868,313445612,0,0
AMAZONAS,2017,Tres niveles de gobierno,236607,424952,1129962638,819665659,32105204,31115710,0,0
AMAZONAS,2017,Gobierno Nacional,236607,424952,373027202,336965104,3522973,3315517,0,0
AMAZONAS,2017,Gobierno Regional,236607,424952,1129962638,819665659,13847183,13482477,0,0
AMAZONAS,2017,Gobierno Local,236607,424952,428750697,245528287,14735048,14317716,0,0
ANCASH,2017,Tres niveles de gobierno,694742,1160490,1689048379,941581977,48745428,35666420,14464207,5551466
ANCASH,2017,Gobierno Nacional,694742,1160490,276341009,183065193,6573835,5886399,51000,0
ANCASH,2017,Gobierno Regional,694742,1160490,1689048379,941581977,3113323,1490299,0,0
ANCASH,2017,Gobierno Local,694742,1160490,1158732243,652321145,39058270,28289722,14413207,5551466
APURIMAC,2017,Tres niveles de gobierno,248674,462791,1652442878,1002907754,78796515,51894829,0,0
APURIMAC,2017,Gobierno Nacional,248674,462791,377566386,283702810,0,0,0,0
APURIMAC,2017,Gobierno Regional,248674,462791,1652442878,1002907754,35409746,23803270,0,0
APURIMAC,2017,Gobierno Local,248674,462791,1034646155,556826426,43386769,28091559,0,0
AREQUIPA,2017,Tres niveles de gobierno,911876,1315528,2513866208,1609710487,48985072,32485041,974285,123449
AREQUIPA,2017,Gobierno Nacional,911876,1315528,367769253,311931053,0,0,846437,0
AREQUIPA,2017,Gobierno Regional,911876,1315528,2513866208,1609710487,0,0,0,0
AREQUIPA,2017,Gobierno Local,911876,1315528,1137137674,630330859,48985072,32485041,127848,123449
AYACUCHO,2017,Tres niveles de gobierno,377531,703629,1823820261,1245628557,69946153,53121826,1674863,828262
AYACUCHO,2017,Gobierno Nacional,377531,703629,412140742,363136125,0,0,181700,0
AYACUCHO,2017,Gobierno Regional,377531,703629,1823820261,1245628557,12984460,12788951,0,0
AYACUCHO,2017,Gobierno Local,377531,703629,1015043106,636918302,56961693,40332875,1493163,828262
CAJAMARCA,2017,Tres niveles de gobierno,831125,1537172,2206453415,1407510067,70754800,59673118,1189917,170339
CAJAMARCA,2017,Gobierno Nacional,831125,1537172,395666035,314801382,540238,237000,308103,985
CAJAMARCA,2017,Gobierno Regional,831125,1537172,2206453415,1407510067,2350507,1559681,0,0
CAJAMARCA,2017,Gobierno Local,831125,1537172,1411722048,953634839,67864055,57876436,881814,169353
CALLAO,2017,Tres niveles de gobierno,693346,1038706,1150978968,777133823,0,0,815490,0
CALLAO,2017,Gobierno Nacional,693346,1038706,845283682,635945470,0,0,815490,0
CALLAO,2017,Gobierno Regional,693346,1038706,1150978968,777133823,0,0,0,0
CALLAO,2017,Gobierno Local,693346,1038706,123928896,79528540,0,0,0,0
CUSCO,2017,Tres niveles de gobierno,792537,1331758,2837634046,2075370405,67394254,45783675,484006,0
CUSCO,2017,Gobierno Nacional,792537,1331758,534035536,481645875,0,0,484006,0
CUSCO,2017,Gobierno Regional,792537,1331758,2837634046,2075370405,2936628,2415242,0,0
CUSCO,2017,Gobierno Local,792537,1331758,1822191266,1268253092,64457626,43368433,0,0
HUANCAVELICA,2017,Tres niveles de gobierno,203693,502084,1241404124,879605561,30926201,22312544,51708847,3458522
HUANCAVELICA,2017,Gobierno Nacional,203693,502084,272773068,242925189,0,0,51000,0
HUANCAVELICA,2017,Gobierno Regional,203693,502084,1241404124,879605561,4476868,4279835,46270980,0
HUANCAVELICA,2017,Gobierno Local,203693,502084,700061388,476858043,26449333,18032710,5386867,3458522
HUANUCO,2017,Tres niveles de gobierno,437020,872523,1579488703,1003384043,28139324,19515948,76300,0
HUANUCO,2017,Gobierno Nacional,437020,872523,336236135,272303154,0,0,76300,0
HUANUCO,2017,Gobierno Regional,437020,872523,1579488703,1003384043,2765227,2743122,0,0
HUANUCO,2017,Gobierno Local,437020,872523,936234654,569707154,25374097,16772826,0,0
ICA,2017,Tres niveles de gobierno,545934,802610,650610431,406855137,14585953,7258338,3084639,1299653
ICA,2017,Gobierno Nacional,545934,802610,111961534,60702768,0,0,725654,0
ICA,2017,Gobierno Regional,545934,802610,650610431,406855137,0,0,0,0
ICA,2017,Gobierno Local,545934,802610,416424054,257983692,14585953,7258338,2358985,1299653
JUNIN,2017,Tres niveles de gobierno,799765,1370274,1701958357,1093955839,96601362,38451657,3334281,317153
JUNIN,2017,Gobierno Nacional,799765,1370274,306115753,199772560,0,0,30600,0
JUNIN,2017,Gobierno Regional,799765,1370274,1701958357,1093955839,0,0,0,0
JUNIN,2017,Gobierno Local,799765,1370274,879426098,494128495,96601362,38451657,3303681,317153
LA LIBERTAD,2017,Tres niveles de gobierno,1181594,1905301,2006075143,1126875742,43907281,23279422,22849694,3542852
LA LIBERTAD,2017,Gobierno Nacional,1181594,1905301,250162151,169070792,0,0,8570379,0
LA LIBERTAD,2017,Gobierno Regional,1181594,1905301,2006075143,1126875742,0,0,5340480,0
LA LIBERTAD,2017,Gobierno Local,1181594,1905301,1212294818,797525467,43907281,23279422,8938835,3542852
LAMBAYEQUE,2017,Tres niveles de gobierno,775360,1280788,1377519248,949351697,27297714,10372997,16304904,564111
LAMBAYEQUE,2017,Gobierno Nacional,775360,1280788,506654179,431432369,0,0,10876466,0
LAMBAYEQUE,2017,Gobierno Regional,775360,1280788,1377519248,949351697,0,0,0,0
LAMBAYEQUE,2017,Gobierno Local,775360,1280788,515382213,254881603,27297714,10372997,5428438,564111
LIMA,2017,Tres niveles de gobierno,6773588,10143003,7022197172,4773952030,32291704,12064427,55261906,6131256
LIMA,2017,Gobierno Nacional,6773588,10143003,4213773448,3371092366,154874,0,41219948,395610
LIMA,2017,Gobierno Regional,6773588,10143003,7022197172,4773952030,99383,91879,0,0
LIMA,2017,Gobierno Local,6773588,10143003,2494408564,1163151136,32037447,11972549,14041958,5735646
LORETO,2017,Tres niveles de gobierno,537582,1058946,1369410301,830431626,34951192,14648112,9885022,7297812
LORETO,2017,Gobierno Nacional,537582,1058946,466037950,217572499,2175465,2175458,0,0
LORETO,2017,Gobierno Regional,537582,1058946,1369410301,830431626,1091417,137100,0,0
LORETO,2017,Gobierno Local,537582,1058946,505903676,311166811,31684310,12335554,9885022,7297812
MADRE DE DIOS,2017,Tres niveles de gobierno,103236,143687,479896955,409163394,9266521,3945957,107909,0
MADRE DE DIOS,2017,Gobierno Nacional,103236,143687,274356272,256407770,999218,673936,107909,0
MADRE DE DIOS,2017,Gobierno Regional,103236,143687,479896955,409163394,163878,57360,0,0
MADRE DE DIOS,2017,Gobierno Local,103236,143687,78703229,40862718,8103425,3214662,0,0
MOQUEGUA,2017,Tres niveles de gobierno,125087,184187,681954135,534002420,7004438,4697142,0,0
MOQUEGUA,2017,Gobierno Nacional,125087,184187,113118761,103353057,0,0,0,0
MOQUEGUA,2017,Gobierno Regional,125087,184187,681954135,534002420,0,0,0,0
MOQUEGUA,2017,Gobierno Local,125087,184187,251800371,165914189,7004438,4697142,0,0
PASCO,2017,Tres niveles de gobierno,164646,308465,775414573,502811384,16224137,14271566,79006,0
PASCO,2017,Gobierno Nacional,164646,308465,145826778,122803110,0,0,79006,0
PASCO,2017,Gobierno Regional,164646,308465,775414573,502811384,4995469,4781255,0,0
PASCO,2017,Gobierno Local,164646,308465,304048070,180803631,11228668,9490311,0,0
PIURA,2017,Tres niveles de gobierno,1202226,1873024,2224852690,1300349762,49103254,15941952,230853850,9659068
PIURA,2017,Gobierno Nacional,1202226,1873024,457661561,350753660,28107505,0,41531162,0
PIURA,2017,Gobierno Regional,1202226,1873024,2224852690,1300349762,52166,0,172967627,2798719
PIURA,2017,Gobierno Local,1202226,1873024,1049703552,696710654,20943583,15941952,16355061,6860349
PUNO,2017,Tres niveles de gobierno,760700,1442930,2364559930,1718109745,37412395,27599121,30704,0
PUNO,2017,Gobierno Nacional,760700,1442930,898093213,810507748,0,0,30704,0
PUNO,2017,Gobierno Regional,760700,1442930,2364559930,1718109745,3951536,3794466,0,0
PUNO,2017,Gobierno Local,760700,1442930,1080752252,660075821,33460859,23804655,0,0
SAN MARTIN,2017,Tres niveles de gobierno,508093,862822,1563036261,1178700102,80752152,41856821,3400,0
SAN MARTIN,2017,Gobierno Nacional,508093,862822,396431031,333611982,1900892,1900108,3400,0
SAN MARTIN,2017,Gobierno Regional,508093,862822,1563036261,1178700102,1498469,572693,0,0
SAN MARTIN,2017,Gobierno Local,508093,862822,761801772,495737304,77352791,39384021,0,0
TACNA,2017,Tres niveles de gobierno,238841,350105,879962590,691453140,295968,251343,144904,0
TACNA,2017,Gobierno Nacional,238841,350105,381745429,342424189,0,0,144904,0
TACNA,2017,Gobierno Regional,238841,350105,879962590,691453140,18000,18000,0,0
TACNA,2017,Gobierno Local,238841,350105,293812692,210810418,277968,233343,0,0
TUMBES,2017,Tres niveles de gobierno,152440,243362,380029886,233373253,2074797,1463176,1198653,0
TUMBES,2017,Gobierno Nacional,152440,243362,129272635,97727293,0,0,0,0
TUMBES,2017,Gobierno Regional,152440,243362,380029886,233373253,0,0,0,0
TUMBES,2017,Gobierno Local,152440,243362,162922969,73421703,2074797,1463176,1198653,0
UCAYALI,2017,Tres niveles de gobierno,318185,506881,955526438,794265852,358410,358410,102000,0
UCAYALI,2017,Gobierno Nacional,318185,506881,333616115,325319086,0,0,102000,0
UCAYALI,2017,Gobierno Regional,318185,506881,955526438,794265852,0,0,0,0
UCAYALI,2017,Gobierno Local,318185,506881,309877818,194204050,358410,358410,0,0
NACIONAL,2017,Tres niveles de gobierno,19614428,31826018,42258103730,28306149456,927920229,568029552,414628787,38943943
NACIONAL,2017,Gobierno Nacional,19614428,31826018,13175665858,10618972604,43975000,14188418,106236168,396595
NACIONAL,2017,Gobierno Regional,19614428,31826018,42258103730,28306149456,89754260,72015630,224579087,2798719
NACIONAL,2017,Gobierno Local,19614428,31826018,20085710275,12067284379,794190969,481825507,83813532,35748628
AMAZONAS,2018,Tres niveles de gobierno,241316,435422,1264437248,939844052,13650076,12147879,0,0
AMAZONAS,2018,Gobierno Nacional,241316,435422,416643485,362312392,3814528,2479583,0,0
AMAZONAS,2018,Gobierno Regional,241316,435422,411348826,268893524,6745087,6697569,0,0
AMAZONAS,2018,Gobierno Local,241316,435422,436444937,308638136,3090461,2970727,0,0
ANCASH,2018,Tres niveles de gobierno,714607,1161356,2677569355,1481196038,66304596,26124417,205520906,52049573
ANCASH,2018,Gobierno Nacional,714607,1161356,400266768,203080349,4791399,3070797,135656587,30444083
ANCASH,2018,Gobierno Regional,714607,1161356,641994793,368202049,37339010,11732051,0,0
ANCASH,2018,Gobierno Local,714607,1161356,1635307794,909913639,24174187,11321568,69864319,21605490
APURIMAC,2018,Tres niveles de gobierno,252314,453208,1739171177,1136226516,67577017,52541876,0,0
APURIMAC,2018,Gobierno Nacional,252314,453208,407047968,313280952,0,0,0,0
APURIMAC,2018,Gobierno Regional,252314,453208,340405518,209104176,51944179,40019255,0,0
APURIMAC,2018,Gobierno Local,252314,453208,991717691,613841387,15632838,12522622,0,0
AREQUIPA,2018,Tres niveles de gobierno,946490,1346854,2925867679,1772573203,51493306,29283838,49673734,3337030
AREQUIPA,2018,Gobierno Nacional,946490,1346854,367803120,315083219,0,0,4374973,971316
AREQUIPA,2018,Gobierno Regional,946490,1346854,995116290,563074620,0,0,41402898,1003122
AREQUIPA,2018,Gobierno Local,946490,1346854,1562948269,894415365,51493306,29283838,3895863,1362592
AYACUCHO,2018,Tres niveles de gobierno,384700,698045,1872138544,1294297562,61690410,39637990,86636677,11535365
AYACUCHO,2018,Gobierno Nacional,384700,698045,376825516,275329492,0,0,271189,104870
AYACUCHO,2018,Gobierno Regional,384700,698045,437819739,375842794,14888627,14169891,0,0
AYACUCHO,2018,Gobierno Local,384700,698045,1057493289,643125275,46801783,25468099,86365488,11430495
CAJAMARCA,2018,Tres niveles de gobierno,845429,1543974,2357966408,1394996213,31957778,20476207,119012080,32991484
CAJAMARCA,2018,Gobierno Nacional,845429,1543974,509100459,417893338,303238,234523,1675138,403008
CAJAMARCA,2018,Gobierno Regional,845429,1543974,584170115,199382818,3147522,1164025,0,0
CAJAMARCA,2018,Gobierno Local,845429,1543974,1264695834,777720057,28507018,19077659,117336942,32588476
CALLAO,2018,Tres niveles de gobierno,719360,1072583,932647113,581006526,7315354,0,8840000,7329960
CALLAO,2018,Gobierno Nacional,719360,1072583,634047422,440256692,0,0,8840000,7329960
CALLAO,2018,Gobierno Regional,719360,1072583,177456924,48345873,7315354,0,0,0
CALLAO,2018,Gobierno Local,719360,1072583,121142767,92403961,0,0,0,0
CUSCO,2018,Tres niveles de gobierno,812933,1340567,4095947685,3000582683,69641256,48448141,43487109,29549194
CUSCO,2018,Gobierno Nacional,812933,1340567,906789596,781338872,0,0,513053,83678
CUSCO,2018,Gobierno Regional,812933,1340567,843396005,447289768,6805835,5740807,30970757,25923020
CUSCO,2018,Gobierno Local,812933,1340567,2345762084,1771954043,62835421,42707333,12003299,3542497
HUANCAVELICA,2018,Tres niveles de gobierno,203451,477137,1050037341,716682422,25192447,16628371,68670448,2741970
HUANCAVELICA,2018,Gobierno Nacional,203451,477137,159806362,121852554,1642932,1626252,184216,104479
HUANCAVELICA,2018,Gobierno Regional,203451,477137,286570517,149705442,3831709,2821074,56359725,1160899
HUANCAVELICA,2018,Gobierno Local,203451,477137,603660462,445124425,19717806,12181045,12126507,1476592
HUANUCO,2018,Tres niveles de gobierno,442730,862782,1568341290,1094246663,18887700,13547662,159965,47145
HUANUCO,2018,Gobierno Nacional,442730,862782,349239243,306348852,0,0,159965,47145
HUANUCO,2018,Gobierno Regional,442730,862782,385151686,247001966,2588824,1144440,0,0
HUANUCO,2018,Gobierno Local,442730,862782,833950361,540895845,16298876,12403222,0,0
ICA,2018,Tres niveles de gobierno,567182,829753,1064160596,576196089,12944951,8364220,76005782,7626368
ICA,2018,Gobierno Nacional,567182,829753,453208456,229895930,0,0,26189079,134941
ICA,2018,Gobierno Regional,567182,829753,109836801,52159026,0,0,0,0
ICA,2018,Gobierno Local,567182,829753,501115339,294141132,12944951,8364220,49816703,7491426
JUNIN,2018,Tres niveles de gobierno,814863,1347364,1827055805,1206109161,71933299,49373880,3037777,2731891
JUNIN,2018,Gobierno Nacional,814863,1347364,401092654,343584982,0,0,51349,14074
JUNIN,2018,Gobierno Regional,814863,1347364,473204209,271329260,0,0,0,0
JUNIN,2018,Gobierno Local,814863,1347364,952758942,591194919,71933299,49373880,2986428,2717817
LA LIBERTAD,2018,Tres niveles de gobierno,1229196,1927650,2583649310,1121118293,67842764,30296043,384714972,56901371
LA LIBERTAD,2018,Gobierno Nacional,1229196,1927650,293767480,209926352,2156344,92740,37461920,7793645
LA LIBERTAD,2018,Gobierno Regional,1229196,1927650,744108663,145433145,0,0,25273643,599939
LA LIBERTAD,2018,Gobierno Local,1229196,1927650,1545773167,765758796,65686420,30203303,321979409,48507788
LAMBAYEQUE,2018,Tres niveles de gobierno,800444,1309881,1256900789,768157647,17529750,7181522,160539958,41545578
LAMBAYEQUE,2018,Gobierno Nacional,800444,1309881,363691218,197043071,7950174,0,68485626,10859452
LAMBAYEQUE,2018,Gobierno Regional,800444,1309881,377725925,260455018,0,0,4765333,0
LAMBAYEQUE,2018,Gobierno Local,800444,1309881,515483646,310659558,9579576,7181522,87288999,30686126
LIMA,2018,Tres niveles de gobierno,7026636,10280114,9624898234,6659777887,90432892,13343809,303416633,61652038
LIMA,2018,Gobierno Nacional,7026636,10280114,5528372858,4003369892,3387003,0,234280675,49983085
LIMA,2018,Gobierno Regional,7026636,10280114,476079828,178668011,1923646,1764834,33795495,334713
LIMA,2018,Gobierno Local,7026636,10280114,3620445548,2477739985,85122243,11578975,35340463,11334240
LORETO,2018,Tres niveles de gobierno,552950,1092198,1310079920,978774956,60497774,54438325,5122640,3368868
LORETO,2018,Gobierno Nacional,552950,1092198,482725868,363701165,6455875,5034574,0,0
LORETO,2018,Gobierno Regional,552950,1092198,302547542,265236942,2205166,1809290,0,0
LORETO,2018,Gobierno Local,552950,1092198,524806510,349836849,51836733,47594461,5122640,3368868
MADRE DE DIOS,2018,Tres niveles de gobierno,108758,152620,535282764,439138077,13231850,2288345,121688,26755
MADRE DE DIOS,2018,Gobierno Nacional,108758,152620,270603418,254305670,325283,325283,121688,26755
MADRE DE DIOS,2018,Gobierno Regional,108758,152620,185291911,132953316,1172439,699664,0,0
MADRE DE DIOS,2018,Gobierno Local,108758,152620,79387435,51879091,11734128,1263398,0,0
MOQUEGUA,2018,Tres niveles de gobierno,128240,186995,635580758,451108535,2660944,2343046,0,0
MOQUEGUA,2018,Gobierno Nacional,128240,186995,130732331,122896424,0,0,0,0
MOQUEGUA,2018,Gobierno Regional,128240,186995,214997591,138021204,0,0,0,0
MOQUEGUA,2018,Gobierno Local,128240,186995,289850836,190190907,2660944,2343046,0,0
PASCO,2018,Tres niveles de gobierno,166595,305807,861026148,505744875,12024778,8195780,79006,0
PASCO,2018,Gobierno Nacional,166595,305807,194573705,168356306,0,0,79006,0
PASCO,2018,Gobierno Regional,166595,305807,385072740,186452082,7423459,6017418,0,0
PASCO,2018,Gobierno Local,166595,305807,281379703,150936486,4601319,2178362,0,0
PIURA,2018,Tres niveles de gobierno,1243513,1898227,3303979170,1986535347,82418002,27001765,1148717338,431589223
PIURA,2018,Gobierno Nacional,1243513,1898227,758798669,556458782,56540062,16751292,150419676,71266653
PIURA,2018,Gobierno Regional,1243513,1898227,1253398455,678363713,653193,590966,641022244,229505418
PIURA,2018,Gobierno Local,1243513,1898227,1291782046,751712852,25224747,9659507,357275418,130817152
PUNO,2018,Tres niveles de gobierno,767357,1403301,2242264030,1769986214,14923492,12028201,240399,0
PUNO,2018,Gobierno Nacional,767357,1403301,953595891,873941242,0,0,240399,0
PUNO,2018,Gobierno Regional,767357,1403301,411065268,290349866,3562132,3242088,0,0
PUNO,2018,Gobierno Local,767357,1403301,877602871,605695105,11361360,8786113,0,0
SAN MARTIN,2018,Tres niveles de gobierno,523149,891704,1601876656,1109400879,153570598,47730622,14198409,6042100
SAN MARTIN,2018,Gobierno Nacional,523149,891704,442029376,372133460,2189620,2181364,12800,10278
SAN MARTIN,2018,Gobierno Regional,523149,891704,420043208,239632277,1492507,1042687,0,0
SAN MARTIN,2018,Gobierno Local,523149,891704,739804072,497635143,149888471,44506571,14185609,6031822
TACNA,2018,Tres niveles de gobierno,247798,349518,687266815,461822925,263498,237584,145769,43739
TACNA,2018,Gobierno Nacional,247798,349518,145663591,107683330,0,0,145769,43739
TACNA,2018,Gobierno Regional,247798,349518,259597851,136931143,0,0,0,0
TACNA,2018,Gobierno Local,247798,349518,282005373,217208452,263498,237584,0,0
TUMBES,2018,Tres niveles de gobierno,157447,251451,466293822,313399519,6143579,1216049,44081378,11336629
TUMBES,2018,Gobierno Nacional,157447,251451,160294441,135133818,1310618,1212969,9327161,343253
TUMBES,2018,Gobierno Regional,157447,251451,107891357,75630008,0,0,6713028,4112167
TUMBES,2018,Gobierno Local,157447,251451,198108024,102635693,4832961,3080,28041189,6881209
UCAYALI,2018,Tres niveles de gobierno,332933,541681,847586149,515026604,67397,58487,123759,28149
UCAYALI,2018,Gobierno Nacional,332933,541681,125699111,85108817,0,0,123759,28149
UCAYALI,2018,Gobierno Regional,332933,541681,373123337,217474835,0,0,0,0
UCAYALI,2018,Gobierno Local,332933,541681,348763701,212442952,67397,58487,0,0
NACIONAL,2018,Tres niveles de gobierno,20230391,32160192,49332024806,32273948886,1020195508,522934059,2722546427,762474430
NACIONAL,2018,Gobierno Nacional,20230391,32160192,15232419006,11560315953,90867076,33009377,678614028,179992563
NACIONAL,2018,Gobierno Regional,20230391,32160192,11197415099,6145932876,153038689,98656059,840303123,262639278
NACIONAL,2018,Gobierno Local,20230391,32160192,22902190701,14567700053,776289743,391268622,1203629276,319842590
AMAZONAS,2019,Tres niveles de gobierno,245782,427041,1084782775,716437123,15379804,14420318,4866888,195829
AMAZONAS,2019,Gobierno Nacional,245782,427041,320729318,292187003,5108678,4774792,0,0
AMAZONAS,2019,Gobierno Regional,245782,427041,384791435,195012366,8082593,7640535,2065201,0
AMAZONAS,2019,Gobierno Local,245782,427041,379262022,229237754,2188533,2004991,2801687,195829
ANCASH,2019,Tres niveles de gobierno,732720,1171756,3187175653,1549716342,65471546,17239150,664350855,197208058
ANCASH,2019,Gobierno Nacional,732720,1171756,1035382895,555884555,2728781,561273,499338260,118482110
ANCASH,2019,Gobierno Regional,732720,1171756,463856534,222519622,25976110,2413369,9712552,0
ANCASH,2019,Gobierno Local,732720,1171756,1687936224,771312164,36766655,14264508,155300043,78725948
APURIMAC,2019,Tres niveles de gobierno,255707,466936,1419052806,1075499422,68122188,58270887,0,0
APURIMAC,2019,Gobierno Nacional,255707,466936,420969609,361317984,24842618,22962776,0,0
APURIMAC,2019,Gobierno Regional,255707,466936,323291359,260661153,31607129,31432449,0,0
APURIMAC,2019,Gobierno Local,255707,466936,674791838,453520286,11672441,3875662,0,0
AREQUIPA,2019,Tres niveles de gobierno,979286,1350676,2772777413,1494997773,41223914,13323245,336724062,39378909
AREQUIPA,2019,Gobierno Nacional,979286,1350676,655658998,364373922,0,0,226551911,4039899
AREQUIPA,2019,Gobierno Regional,979286,1350676,829018201,466970669,2607292,1064237,84391210,22451638
AREQUIPA,2019,Gobierno Local,979286,1350676,1288100214,663653182,38616622,12259008,25780941,12887372
AYACUCHO,2019,Tres niveles de gobierno,391390,718634,1972688083,1230944435,73743244,55152362,203037748,138073281
AYACUCHO,2019,Gobierno Nacional,391390,718634,471560764,276407200,0,0,6355941,619017
AYACUCHO,2019,Gobierno Regional,391390,718634,508205947,274784337,6394843,5844040,0,0
AYACUCHO,2019,Gobierno Local,391390,718634,992921372,679752898,67348401,49308322,196681807,137454263
CAJAMARCA,2019,Tres niveles de gobierno,858915,1543104,2404773465,1355024894,58392859,28744399,314282811,156697042
CAJAMARCA,2019,Gobierno Nacional,858915,1543104,723128869,457085454,71990,0,28480858,2489379
CAJAMARCA,2019,Gobierno Regional,858915,1543104,399781885,156882435,830783,301959,0,0
CAJAMARCA,2019,Gobierno Local,858915,1543104,1281862711,741057005,57490086,28442440,285801953,154207664
CALLAO,2019,Tres niveles de gobierno,743670,1067815,1034602322,649359025,8538593,0,272968,272847
CALLAO,2019,Gobierno Nacional,743670,1067815,706991923,533451179,0,0,272968,272847
CALLAO,2019,Gobierno Regional,743670,1067815,192485037,26378795,8538593,0,0,0
CALLAO,2019,Gobierno Local,743670,1067815,135125362,89529050,0,0,0,0
CUSCO,2019,Tres niveles de gobierno,832238,1346373,3447238836,2596086820,69637748,45319475,11241433,6177299
CUSCO,2019,Gobierno Nacional,832238,1346373,689166058,599597315,0,0,328325,278430
CUSCO,2019,Gobierno Regional,832238,1346373,647948268,400096865,8747926,7399468,2452306,2451512
CUSCO,2019,Gobierno Local,832238,1346373,2110124510,1596392641,60889822,37920007,8460802,3447357
HUANCAVELICA,2019,Tres niveles de gobierno,203101,509117,1132737238,795232806,17877372,10823315,144235197,65578254
HUANCAVELICA,2019,Gobierno Nacional,203101,509117,291341754,262808917,1807157,1713087,14895018,1455650
HUANCAVELICA,2019,Gobierno Regional,203101,509117,314458071,189917226,3563042,2703713,69929464,22408687
HUANCAVELICA,2019,Gobierno Local,203101,509117,526937413,342506663,12507173,6406515,59410715,41713917
HUANUCO,2019,Tres niveles de gobierno,447924,889134,1377128420,1048121534,5261972,4589609,15501858,1759242
HUANUCO,2019,Gobierno Nacional,447924,889134,438267771,388218970,1850542,1841233,72540,51925
HUANUCO,2019,Gobierno Regional,447924,889134,334951751,274377159,1447129,1437300,8664001,611234
HUANUCO,2019,Gobierno Local,447924,889134,603908898,385525405,1964301,1311076,6765317,1096084
ICA,2019,Tres niveles de gobierno,587884,817965,1081282770,754168187,11556244,8557710,198062530,103651974
ICA,2019,Gobierno Nacional,587884,817965,477322079,393656392,0,0,45908410,8182905
ICA,2019,Gobierno Regional,587884,817965,188996117,118666843,0,0,69693008,32278033
ICA,2019,Gobierno Local,587884,817965,414964574,241844952,11556244,8557710,82461112,63191036
JUNIN,2019,Tres niveles de gobierno,828895,1389850,1444339057,877082855,67881713,38149124,10316035,3706829
JUNIN,2019,Gobierno Nacional,828895,1389850,242832757,199366899,0,0,36786,30181
JUNIN,2019,Gobierno Regional,828895,1389850,440279291,211460751,0,0,0,0
JUNIN,2019,Gobierno Local,828895,1389850,761227009,466255205,67881713,38149124,10279249,3676648
LA LIBERTAD,2019,Tres niveles de gobierno,1273336,1956389,2570843521,1465389242,93691960,62727721,992599692,506843982
LA LIBERTAD,2019,Gobierno Nacional,1273336,1956389,543400496,353872463,4695489,1253890,197055446,57970243
LA LIBERTAD,2019,Gobierno Regional,1273336,1956389,259106989,134882249,0,0,38653721,7799628
LA LIBERTAD,2019,Gobierno Local,1273336,1956389,1768336036,976634531,88996471,61473831,756890525,441074110
LAMBAYEQUE,2019,Tres niveles de gobierno,823541,1300720,1107768126,658015290,14809119,5794793,350034601,143443427
LAMBAYEQUE,2019,Gobierno Nacional,823541,1300720,318019269,172198520,11735427,3872185,126570047,39882387
LAMBAYEQUE,2019,Gobierno Regional,823541,1300720,363108578,275807749,0,0,42324431,10501563
LAMBAYEQUE,2019,Gobierno Local,823541,1300720,426640279,210009020,3073692,1922607,181140123,93059477
LIMA,2019,Tres niveles de gobierno,7263412,10458367,9300995533,6614895725,35896379,14416929,691777505,315365745
LIMA,2019,Gobierno Nacional,7263412,10458367,6524311888,5114431210,11501956,3387280,370986869,164531451
LIMA,2019,Gobierno Regional,7263412,10458367,589766163,324144238,1809513,425872,191946232,91374898
LIMA,2019,Gobierno Local,7263412,10458367,2186917482,1176320277,22584910,10603777,128844404,59459396
LORETO,2019,Tres niveles de gobierno,567424,1077831,1301875866,883368122,28625014,24615782,8547475,2313229
LORETO,2019,Gobierno Nacional,567424,1077831,320403835,273837053,7294071,7292327,2421697,1795
LORETO,2019,Gobierno Regional,567424,1077831,494565952,329253563,7051789,3879332,0,0
LORETO,2019,Gobierno Local,567424,1077831,486906079,280277505,14279154,13444122,6125778,2311435
MADRE DE DIOS,2019,Tres niveles de gobierno,114120,150181,611768532,475881773,13762044,7201409,45880,34716
MADRE DE DIOS,2019,Gobierno Nacional,114120,150181,294630703,272423306,0,0,45880,34716
MADRE DE DIOS,2019,Gobierno Regional,114120,150181,205180314,164513552,2961636,2934284,0,0
MADRE DE DIOS,2019,Gobierno Local,114120,150181,111957515,38944916,10800408,4267125,0,0
MOQUEGUA,2019,Tres niveles de gobierno,131227,187941,659695108,486104294,420363,216114,18553422,4561944
MOQUEGUA,2019,Gobierno Nacional,131227,187941,193004908,156678301,0,0,0,0
MOQUEGUA,2019,Gobierno Regional,131227,187941,185959665,133403169,10000,9590,9156989,2632270
MOQUEGUA,2019,Gobierno Local,131227,187941,280730535,196022823,410363,206524,9396433,1929674
PASCO,2019,Tres niveles de gobierno,168356,312777,888194789,632707653,12725795,10871028,17705321,2928347
PASCO,2019,Gobierno Nacional,168356,312777,262040704,240907991,0,0,0,0
PASCO,2019,Gobierno Regional,168356,312777,347629207,233572897,8672565,7137970,13096034,527785
PASCO,2019,Gobierno Local,168356,312777,278524878,158226764,4053230,3733058,4609287,2400562
PIURA,2019,Tres niveles de gobierno,1282434,1901896,4078440779,2105827245,135169742,91193935,2144344879,829554781
PIURA,2019,Gobierno Nacional,1282434,1901896,1054138179,694729094,89511756,62148696,393115845,130735279
PIURA,2019,Gobierno Regional,1282434,1901896,1400634229,446761184,1052199,965955,916630372,188227604
PIURA,2019,Gobierno Local,1282434,1901896,1623668371,964336967,44605787,28079285,834598662,510591898
PUNO,2019,Tres niveles de gobierno,773062,1471405,2054563666,1623650317,1719705,1482111,152710,140563
PUNO,2019,Gobierno Nacional,773062,1471405,912698331,849663594,38621,35000,152710,140563
PUNO,2019,Gobierno Regional,773062,1471405,399615555,251127197,628106,615546,0,0
PUNO,2019,Gobierno Local,773062,1471405,742249780,522859526,1052978,831565,0,0
SAN MARTIN,2019,Tres niveles de gobierno,537665,884795,1628962464,1091948748,211610947,59911263,31797553,9697923
SAN MARTIN,2019,Gobierno Nacional,537665,884795,531960998,393120556,717223,717221,0,0
SAN MARTIN,2019,Gobierno Regional,537665,884795,381877967,296939873,4612533,4465348,4896413,1637074
SAN MARTIN,2019,Gobierno Local,537665,884795,715123499,401888320,206281191,54728694,26901140,8060849
TACNA,2019,Tres niveles de gobierno,256285,358314,651703332,434270635,3952847,1461,83373,79223
TACNA,2019,Gobierno Nacional,256285,358314,149345652,105360201,0,0,83373,79223
TACNA,2019,Gobierno Regional,256285,358314,284001191,184310553,0,0,0,0
TACNA,2019,Gobierno Local,256285,358314,218356489,144599881,3952847,1461,0,0
TUMBES,2019,Tres niveles de gobierno,162221,248877,614273111,310244979,15068143,1271298,186932327,53844615
TUMBES,2019,Gobierno Nacional,162221,248877,289974955,178500860,7000938,981544,99478205,21456930
TUMBES,2019,Gobierno Regional,162221,248877,148111094,54997956,0,0,46979760,15306655
TUMBES,2019,Gobierno Local,162221,248877,176187062,76746163,8067205,289754,40474362,17081030
UCAYALI,2019,Tres niveles de gobierno,346909,518190,1019324663,837335000,4456574,2441253,5799967,168515
UCAYALI,2019,Gobierno Nacional,346909,518190,135277210,112400486,0,0,52190,42061
UCAYALI,2019,Gobierno Regional,346909,518190,549292473,496039154,0,0,0,0
UCAYALI,2019,Gobierno Local,346909,518190,334754980,228895361,4456574,2441253,5747777,126454
NACIONAL,2019,Tres niveles de gobierno,20807504,32526084,48846988328,31762310239,1074995829,576734691,6351267090,2581676574
NACIONAL,2019,Gobierno Nacional,20807504,32526084,18002559923,13602479425,168905247,111541304,2012203279,550776991
NACIONAL,2019,Gobierno Regional,20807504,32526084,10636913273,6123481555,124593781,80670967,1510591694,398208581
NACIONAL,2019,Gobierno Local,20807504,32526084,20207515132,12036349259,781496801,384522419,2828472117,1632691003
AMAZONAS,2020,Tres niveles de gobierno,249400,428752,1004026732,761329323,2610841,2597001,1510436,442678
AMAZONAS,2020,Gobierno Nacional,249400,428752,302758163,269528006,2040006,2029377,0,0
AMAZONAS,2020,Gobierno Regional,249400,428752,310947051,283182585,542695,542692,0,0
AMAZONAS,2020,Gobierno Local,249400,428752,390321518,208618732,28140,24931,1510436,442678
ANCASH,2020,Tres niveles de gobierno,746192,1177538,3273240154,1338237510,14352424,3974184,938417996,272370213
ANCASH,2020,Gobierno Nacional,746192,1177538,922365513,355520855,0,0,594147970,136307597
ANCASH,2020,Gobierno Regional,746192,1177538,449683288,201610257,11518683,3287109,40396012,17140010
ANCASH,2020,Gobierno Local,746192,1177538,1901191353,781106398,2833741,687075,303874014,118922606
APURIMAC,2020,Tres niveles de gobierno,258259,469831,1096323562,799796791,19091665,18839179,0,0
APURIMAC,2020,Gobierno Nacional,258259,469831,233064471,198902415,0,0,0,0
APURIMAC,2020,Gobierno Regional,258259,469831,247107743,216285934,14547325,14536720,0,0
APURIMAC,2020,Gobierno Local,258259,469831,616151348,384608442,4544340,4302459,0,0
AREQUIPA,2020,Tres niveles de gobierno,1006836,1378106,2541570529,1347604610,964058,233580,225396568,77195811
AREQUIPA,2020,Gobierno Nacional,1006836,1378106,343175929,210984318,0,0,133649649,38846029
AREQUIPA,2020,Gobierno Regional,1006836,1378106,700300609,412678890,0,0,60681886,28325741
AREQUIPA,2020,Gobierno Local,1006836,1378106,1498093991,723941401,964058,233580,31065033,10024041
AYACUCHO,2020,Tres niveles de gobierno,396790,726455,1800190812,1112889289,7860214,6248257,138522383,84002120
AYACUCHO,2020,Gobierno Nacional,396790,726455,180440388,159150598,0,0,1768862,622306
AYACUCHO,2020,Gobierno Regional,396790,726455,464045691,296856952,1548775,1481569,1317011,0
AYACUCHO,2020,Gobierno Local,396790,726455,1155704733,656881739,6311439,4766687,135436510,83379814
CAJAMARCA,2020,Tres niveles de gobierno,869759,1546741,2546484901,1305774062,2345632,1947474,237308219,118714497
CAJAMARCA,2020,Gobierno Nacional,869759,1546741,558321933,431395646,109003,106502,21422945,11710448
CAJAMARCA,2020,Gobierno Regional,869759,1546741,425556920,132076603,1433128,1357588,660240,0
CAJAMARCA,2020,Gobierno Local,869759,1546741,1562606048,742301813,803501,483383,215225034,107004049
CALLAO,2020,Tres niveles de gobierno,763229,1083142,710638704,532278767,0,0,0,0
CALLAO,2020,Gobierno Nacional,763229,1083142,451977370,396991309,0,0,0,0
CALLAO,2020,Gobierno Regional,763229,1083142,122415999,65464884,0,0,0,0
CALLAO,2020,Gobierno Local,763229,1083142,136245335,69822575,0,0,0,0
CUSCO,2020,Tres niveles de gobierno,848458,1354360,2996366316,2152264416,24395109,23694324,7596081,6897542
CUSCO,2020,Gobierno Nacional,848458,1354360,725415888,504993505,0,0,4701,0
CUSCO,2020,Gobierno Regional,848458,1354360,495721319,362823135,6993889,6938827,2577935,2577935
CUSCO,2020,Gobierno Local,848458,1354360,1775229109,1284447776,17401220,16755498,5013445,4319607
HUANCAVELICA,2020,Tres niveles de gobierno,202193,512952,1011207788,631804884,8393036,8093901,125624551,49333299
HUANCAVELICA,2020,Gobierno Nacional,202193,512952,220959660,161430892,3670941,3670180,21254266,5460315
HUANCAVELICA,2020,Gobierno Regional,202193,512952,256066435,156643658,4184325,4080799,50392920,16170987
HUANCAVELICA,2020,Gobierno Local,202193,512952,534181693,313730335,537770,342922,53977365,27701997
HUANUCO,2020,Tres niveles de gobierno,451744,917192,1259558330,906719599,5206816,5013546,24293109,10312796
HUANUCO,2020,Gobierno Nacional,451744,917192,362879545,329302988,3009704,3005126,0,0
HUANUCO,2020,Gobierno Regional,451744,917192,294876038,234793476,2096620,1984039,8000201,6453605
HUANUCO,2020,Gobierno Local,451744,917192,601802747,342623135,100492,24380,16292908,3859191
ICA,2020,Tres niveles de gobierno,606554,825976,1117825985,543673911,79918,0,432860451,109532712
ICA,2020,Gobierno Nacional,606554,825976,334569831,252419555,0,0,119258563,59800097
ICA,2020,Gobierno Regional,606554,825976,335333597,92640130,74723,0,262575802,32773669
ICA,2020,Gobierno Local,606554,825976,447922557,198614226,5195,0,51026086,16958947
JUNIN,2020,Tres niveles de gobierno,839976,1400043,1239145516,784574688,704477,641812,10311579,6056056
JUNIN,2020,Gobierno Nacional,839976,1400043,189812261,143097688,0,0,0,0
JUNIN,2020,Gobierno Regional,839976,1400043,314731447,240018159,0,0,0,0
JUNIN,2020,Gobierno Local,839976,1400043,734601808,401458841,704477,641812,10311579,6056056
LA LIBERTAD,2020,Tres niveles de gobierno,1307923,1990361,2815314558,1429960257,1025882,806085,1274748066,559845019
LA LIBERTAD,2020,Gobierno Nacional,1307923,1990361,745779901,435029611,0,0,347238929,125772743
LA LIBERTAD,2020,Gobierno Regional,1307923,1990361,291642717,166033208,0,0,77616966,36917956
LA LIBERTAD,2020,Gobierno Local,1307923,1990361,1777891940,828897439,1025882,806085,849892171,397154320
LAMBAYEQUE,2020,Tres niveles de gobierno,841252,1311219,1542199490,898180497,0,0,835399375,450805477
LAMBAYEQUE,2020,Gobierno Nacional,841252,1311219,611610911,399196379,0,0,463098774,299043012
LAMBAYEQUE,2020,Gobierno Regional,841252,1311219,330847863,262967418,0,0,55148659,27248018
LAMBAYEQUE,2020,Gobierno Local,841252,1311219,599740716,236016699,0,0,317151942,124514448
LIMA,2020,Tres niveles de gobierno,7455078,10624449,8150183453,6044761056,572640,296616,610713543,330625126
LIMA,2020,Gobierno Nacional,7455078,10624449,5677471151,4673331861,24500,23127,339499339,155602667
LIMA,2020,Gobierno Regional,7455078,10624449,340433067,252650925,0,0,86297201,52993516
LIMA,2020,Gobierno Local,7455078,10624449,2132279235,1118778270,548140,273489,184917003,122028943
LORETO,2020,Tres niveles de gobierno,579123,1088076,1437705110,964245746,37975798,32076803,23315332,15995377
LORETO,2020,Gobierno Nacional,579123,1088076,329221773,279949305,7814847,7814843,1725881,0
LORETO,2020,Gobierno Regional,579123,1088076,602666530,370404381,30152126,24261960,354750,300626
LORETO,2020,Gobierno Local,579123,1088076,505816807,313892060,8825,0,21234701,15694751
MADRE DE DIOS,2020,Tres niveles de gobierno,118956,153674,492989863,427400740,32967,19000,4701,1419
MADRE DE DIOS,2020,Gobierno Nacional,118956,153674,260199526,254024983,0,0,4701,1419
MADRE DE DIOS,2020,Gobierno Regional,118956,153674,132442593,114992937,0,0,0,0
MADRE DE DIOS,2020,Gobierno Local,118956,153674,100347744,58382820,32967,19000,0,0
MOQUEGUA,2020,Tres niveles de gobierno,133685,189910,619217422,464596705,46264,39732,28216302,12394196
MOQUEGUA,2020,Gobierno Nacional,133685,189910,163317742,155501884,0,0,0,0
MOQUEGUA,2020,Gobierno Regional,133685,189910,166746041,149548223,0,0,6385841,5470439
MOQUEGUA,2020,Gobierno Local,133685,189910,289153639,159546598,46264,39732,21830461,6923757
PASCO,2020,Tres niveles de gobierno,169519,315073,595735044,411388022,95948,82173,14776974,12810812
PASCO,2020,Gobierno Nacional,169519,315073,131326052,106634938,0,0,0,0
PASCO,2020,Gobierno Regional,169519,315073,204250403,154556994,0,0,12568248,11094385
PASCO,2020,Gobierno Local,169519,315073,260158589,150196090,95948,82173,2208726,1716427
PIURA,2020,Tres niveles de gobierno,1314938,1917139,4419052034,2319275827,4831924,3776190,2725993351,1235665552
PIURA,2020,Gobierno Nacional,1314938,1917139,1362112447,722633885,0,0,895002461,297982454
PIURA,2020,Gobierno Regional,1314938,1917139,1246658130,648048327,2934046,2934045,870007214,439069751
PIURA,2020,Gobierno Local,1314938,1917139,1810281457,948593615,1897878,842146,960983676,498613346
PUNO,2020,Tres niveles de gobierno,776398,1486225,1816605458,1430993232,156000,155605,984473,464386
PUNO,2020,Gobierno Nacional,776398,1486225,709338703,644476680,0,0,251320,174800
PUNO,2020,Gobierno Regional,776398,1486225,314140003,285072069,0,0,0,0
PUNO,2020,Gobierno Local,776398,1486225,793126752,501444482,156000,155605,733153,289586
SAN MARTIN,2020,Tres niveles de gobierno,550312,896452,1232899512,849214745,3209748,3203556,41369327,27066676
SAN MARTIN,2020,Gobierno Nacional,550312,896452,218805742,200840687,0,0,0,0
SAN MARTIN,2020,Gobierno Regional,550312,896452,287958905,257457618,3117636,3111445,7508892,5728524
SAN MARTIN,2020,Gobierno Local,550312,896452,726134865,390916440,92112,92111,33860435,21338152
TACNA,2020,Tres niveles de gobierno,263372,362641,644157454,485495496,0,0,20527357,216160
TACNA,2020,Gobierno Nacional,263372,362641,83979264,57719697,0,0,0,0
TACNA,2020,Gobierno Regional,263372,362641,263983483,236159226,0,0,0,0
TACNA,2020,Gobierno Local,263372,362641,296194707,191616573,0,0,20527357,216160
TUMBES,2020,Tres niveles de gobierno,166252,251878,717321712,335123178,341405,289795,304269428,97754599
TUMBES,2020,Gobierno Nacional,166252,251878,323755113,173168280,0,0,193663745,65665038
TUMBES,2020,Gobierno Regional,166252,251878,169340373,63463114,311405,289795,58773115,3151416
TUMBES,2020,Gobierno Local,166252,251878,224226226,98491784,30000,0,51832568,28938145
UCAYALI,2020,Tres niveles de gobierno,358578,524376,709691889,534238294,1732366,1210382,5621322,4536930
UCAYALI,2020,Gobierno Nacional,358578,524376,100360692,84006182,0,0,0,0
UCAYALI,2020,Gobierno Regional,358578,524376,353175759,293055611,0,0,0,0
UCAYALI,2020,Gobierno Local,358578,524376,256155438,157176501,1732366,1210382,5621322,4536930
NACIONAL,2020,Tres niveles de gobierno,21274776,32932561,45789652328,28811821645,136025132,113239195,0,0
NACIONAL,2020,Gobierno Nacional,21274776,32932561,15543019969,11600232147,16669001,16649155,3131992106,1196988925
NACIONAL,2020,Gobierno Regional,21274776,32932561,9121072004,5949484714,79455376,64806588,1601262893,685416578
NACIONAL,2020,Gobierno Local,21274776,32932561,21125560355,11262104784,39900755,31783450,3294525925,1600633951
